cohort,cohort_complaints,population_size,pct_cohort,archetype,representative_evidence_pattern,automation,uncertainty,recommended_handling,classification
A,11571,3301,28.528217094460288,unique_prior_temporal_candidate,One same-customer transaction in prior 30d; amount may be absent or inconsistent with heuristic,Show candidate and exact evidence,Uniqueness is not match correctness,Customer/authorized-human confirmation; preserve uncertainty,HEURISTIC overlapping archetypes; no individual demo selection
B,10477,3015,28.777321752410042,unique_prior_temporal_candidate,One same-customer transaction in prior 30d; amount may be absent or inconsistent with heuristic,Show candidate and exact evidence,Uniqueness is not match correctness,Customer/authorized-human confirmation; preserve uncertainty,HEURISTIC overlapping archetypes; no individual demo selection
C,10373,2992,28.8441145281018,unique_prior_temporal_candidate,One same-customer transaction in prior 30d; amount may be absent or inconsistent with heuristic,Show candidate and exact evidence,Uniqueness is not match correctness,Customer/authorized-human confirmation; preserve uncertainty,HEURISTIC overlapping archetypes; no individual demo selection
A,11571,2126,18.373520006913836,no_candidate_under_monetary_tolerance,Prior candidates exist but none meet exploratory same-currency <=5% rule,Explain narrowing result and preserve original candidate list,Tolerance is unapproved; no proof complaint is invalid,Clarify amount/currency or human review; never automatic rejection,HEURISTIC overlapping archetypes; no individual demo selection
B,10477,1932,18.440393242340363,no_candidate_under_monetary_tolerance,Prior candidates exist but none meet exploratory same-currency <=5% rule,Explain narrowing result and preserve original candidate list,Tolerance is unapproved; no proof complaint is invalid,Clarify amount/currency or human review; never automatic rejection,HEURISTIC overlapping archetypes; no individual demo selection
C,10373,1878,18.104694880940905,no_candidate_under_monetary_tolerance,Prior candidates exist but none meet exploratory same-currency <=5% rule,Explain narrowing result and preserve original candidate list,Tolerance is unapproved; no proof complaint is invalid,Clarify amount/currency or human review; never automatic rejection,HEURISTIC overlapping archetypes; no individual demo selection
A,11571,2460,21.260046668395127,multiple_prior_candidates,Multiple same-customer prior transactions in 30d,Return bounded candidate list,No true transaction label,Clarify intake or human investigation,HEURISTIC overlapping archetypes; no individual demo selection
B,10477,2209,21.084279851102416,multiple_prior_candidates,Multiple same-customer prior transactions in 30d,Return bounded candidate list,No true transaction label,Clarify intake or human investigation,HEURISTIC overlapping archetypes; no individual demo selection
C,10373,2104,20.283428130723994,multiple_prior_candidates,Multiple same-customer prior transactions in 30d,Return bounded candidate list,No true transaction label,Clarify intake or human investigation,HEURISTIC overlapping archetypes; no individual demo selection
A,11571,5810,50.211736237144585,no_prior_candidate,No same-customer transaction in prior 30d,Record explicit empty retrieval,"Outside horizon, incorrect clues or absent data possible",Clarify; human if unresolved,HEURISTIC overlapping archetypes; no individual demo selection
B,10477,5253,50.138398396487545,no_prior_candidate,No same-customer transaction in prior 30d,Record explicit empty retrieval,"Outside horizon, incorrect clues or absent data possible",Clarify; human if unresolved,HEURISTIC overlapping archetypes; no individual demo selection
C,10373,5277,50.872457341174204,no_prior_candidate,No same-customer transaction in prior 30d,Record explicit empty retrieval,"Outside horizon, incorrect clues or absent data possible",Clarify; human if unresolved,HEURISTIC overlapping archetypes; no individual demo selection
A,11571,7071,61.1096707285455,claimed_amount_missing,Missing claim amount,Prompt for amount/currency or transaction ID,Missing does not imply invalid complaint,Intake incomplete path,HEURISTIC overlapping archetypes; no individual demo selection
B,10477,6387,60.96210747351341,claimed_amount_missing,Missing claim amount,Prompt for amount/currency or transaction ID,Missing does not imply invalid complaint,Intake incomplete path,HEURISTIC overlapping archetypes; no individual demo selection
C,10373,6340,61.12021594524246,claimed_amount_missing,Missing claim amount,Prompt for amount/currency or transaction ID,Missing does not imply invalid complaint,Intake incomplete path,HEURISTIC overlapping archetypes; no individual demo selection
A,11571,1276,11.027568922305765,sparse_optional_evidence,At least one prior candidate without merchant/score/nearby pre-intake service,Show known and unknown evidence,Optional absence is not suspiciousness,Human review if required evidence absent,HEURISTIC overlapping archetypes; no individual demo selection
B,10477,1149,10.966879832012982,sparse_optional_evidence,At least one prior candidate without merchant/score/nearby pre-intake service,Show known and unknown evidence,Optional absence is not suspiciousness,Human review if required evidence absent,HEURISTIC overlapping archetypes; no individual demo selection
C,10373,1073,10.34416273016485,sparse_optional_evidence,At least one prior candidate without merchant/score/nearby pre-intake service,Show known and unknown evidence,Optional absence is not suspiciousness,Human review if required evidence absent,HEURISTIC overlapping archetypes; no individual demo selection
A,11571,9,0.077780658542909,recorded_fraud_flag_present,Recorded True on a prior candidate,Expose provenance-qualified flag,Not verified fraud; flag availability unknown,"Human risk review, no automatic verdict",HEURISTIC overlapping archetypes; no individual demo selection
B,10477,8,0.0763577359931278,recorded_fraud_flag_present,Recorded True on a prior candidate,Expose provenance-qualified flag,Not verified fraud; flag availability unknown,"Human risk review, no automatic verdict",HEURISTIC overlapping archetypes; no individual demo selection
C,10373,10,0.09640412609659693,recorded_fraud_flag_present,Recorded True on a prior candidate,Expose provenance-qualified flag,Not verified fraud; flag availability unknown,"Human risk review, no automatic verdict",HEURISTIC overlapping archetypes; no individual demo selection
A,11571,340,2.938380433843229,service_after_transaction_before_intake,Same-customer contact temporally after candidate and by intake,Retrieve associated service facts,No explicit transaction reference,Label temporal association in handoff,HEURISTIC overlapping archetypes; no individual demo selection
B,10477,311,2.9684069867328433,service_after_transaction_before_intake,Same-customer contact temporally after candidate and by intake,Retrieve associated service facts,No explicit transaction reference,Label temporal association in handoff,HEURISTIC overlapping archetypes; no individual demo selection
C,10373,294,2.8342813072399498,service_after_transaction_before_intake,Same-customer contact temporally after candidate and by intake,Retrieve associated service facts,No explicit transaction reference,Label temporal association in handoff,HEURISTIC overlapping archetypes; no individual demo selection
