population,field,value,records,pct_population,valid_recorded_labels,fraud_recorded_count,recorded_fraud_pct
all_cutoff_transactions,transaction_type,Adjustment,132076,2.98567519716723,132076,144,0.10902813531603016
all_cutoff_transactions,transaction_type,Deposit,609221,13.771889134236478,609221,607,0.09963543607328047
all_cutoff_transactions,transaction_type,Payment,738762,16.700258790466528,738762,730,0.09881396173598533
all_cutoff_transactions,transaction_type,Purchase,1083082,24.483865834052196,1083082,1086,0.10026941635074722
all_cutoff_transactions,transaction_type,Transfer,896129,20.25765565857743,896129,797,0.08893808815471879
all_cutoff_transactions,transaction_type,Withdrawal,964386,21.80065538550014,964386,951,0.09861196657769815
all_cutoff_transactions,transaction_status,Approved,4069449,91.9928900438913,4069449,3985,0.09792480505346056
all_cutoff_transactions,transaction_status,Declined,221164,4.999575012161886,221164,215,0.09721292796295962
all_cutoff_transactions,transaction_status,Pending,88312,1.9963577638044188,88312,79,0.0894555666274119
all_cutoff_transactions,transaction_status,Reversed,44731,1.011177180142398,44731,36,0.08048109811987213
all_cutoff_transactions,channel,ATM,1327907,30.018315167363827,1327907,1330,0.1001576164595864
all_cutoff_transactions,channel,App,663202,14.992169373025389,663202,634,0.09559681665616207
all_cutoff_transactions,channel,Branch,132461,2.994378405554139,132461,143,0.10795630411970315
all_cutoff_transactions,channel,POS,1547722,34.987395041567424,1547722,1467,0.09478446387658765
all_cutoff_transactions,channel,Transfer,89129,2.0148266501735215,89129,85,0.09536738884089353
all_cutoff_transactions,channel,Web,663235,14.992915362315696,663235,656,0.09890913477123493
all_cutoff_transactions,transaction_category,Entertainment,259553,5.86738661414902,259553,253,0.0974752747993666
all_cutoff_transactions,transaction_category,Food,432342,9.773409143929817,432342,424,0.09807050899519362
all_cutoff_transactions,transaction_category,Health,173128,3.9136858743084906,173128,185,0.1068573540963911
all_cutoff_transactions,transaction_category,Other,260445,5.887550930723365,260445,267,0.10251684616713702
all_cutoff_transactions,transaction_category,Services,345271,7.805105098588136,345271,341,0.09876300065745458
all_cutoff_transactions,transaction_category,Transport,260249,5.8831202064536665,260249,243,0.09337211670361846
all_cutoff_transactions,transaction_category,,2692668,60.8697421318475,2692668,2602,0.09663278205853822
all_cutoff_transactions,merchant_available,false,3394732,76.74041562002108,3394732,3286,0.09679703729189815
all_cutoff_transactions,merchant_available,true,1028924,23.259584379978914,1028924,1029,0.10000738635700984
all_cutoff_transactions,response_code,00,3866143,87.39700826646556,3866143,3785,0.09790118989390718
all_cutoff_transactions,response_code,05,84120,1.901594518199426,84120,65,0.07727056585829767
all_cutoff_transactions,response_code,14,84438,1.9087831422696522,84438,95,0.11250858618157701
all_cutoff_transactions,response_code,51,84150,1.9022726902815228,84150,80,0.09506833036244801
all_cutoff_transactions,response_code,54,83842,1.8953101235719956,83842,71,0.08468309439183226
all_cutoff_transactions,response_code,,220963,4.995031259211838,220963,219,0.09911161597190479
all_cutoff_transactions,transaction_country,Argentina,867296,19.605864470474195,867296,864,0.0996199682691953
all_cutoff_transactions,transaction_country,Brazil,40458,0.9145828699157439,40458,45,0.11122645706658757
all_cutoff_transactions,transaction_country,Colombia,1289122,29.141551693893014,1289122,1197,0.09285389590744708
all_cutoff_transactions,transaction_country,Mexico,40504,0.915622733774959,40504,50,0.1234445980643887
all_cutoff_transactions,transaction_country,México,2105138,47.588194018703085,2105138,2082,0.09890087965729563
all_cutoff_transactions,transaction_country,Spain,40529,0.9161878771767064,40529,39,0.09622739273113079
all_cutoff_transactions,transaction_country,USA,40609,0.9179963360622978,40609,38,0.09357531581669089
all_cutoff_transactions,merchant_category,Entertainment,153908,3.4792036270451407,153908,163,0.10590742521506355
all_cutoff_transactions,merchant_category,Food,256759,5.804226187569738,256759,254,0.0989254514934238
all_cutoff_transactions,merchant_category,Health,102880,2.3256781268706246,102880,111,0.10789269051321929
all_cutoff_transactions,merchant_category,Other,154983,3.503504793320276,154983,155,0.10001096894498106
all_cutoff_transactions,merchant_category,Services,205059,4.635509632756254,205059,196,0.09558224706060207
all_cutoff_transactions,merchant_category,Transport,154893,3.501470277073986,154893,150,0.09684104510855882
all_cutoff_transactions,merchant_category,,3395174,76.75040735536398,3395174,3286,0.09678443579033062
same_customer_history_before_last_complaint,transaction_type,Adjustment,9151,2.941507365822455,9151,12,0.13113320948530216
same_customer_history_before_last_complaint,transaction_type,Deposit,42462,13.649031337291344,42462,35,0.08242664029014177
same_customer_history_before_last_complaint,transaction_type,Payment,51637,16.598253289145898,51637,50,0.09682979259058427
same_customer_history_before_last_complaint,transaction_type,Purchase,76814,24.691175477902533,76814,83,0.10805321946520166
same_customer_history_before_last_complaint,transaction_type,Transfer,63161,20.302540348892155,63161,57,0.09024556292648944
same_customer_history_before_last_complaint,transaction_type,Withdrawal,67874,21.817492180945614,67874,79,0.11639213837404602
same_customer_history_before_last_complaint,transaction_status,Approved,286246,92.0112247226767,286246,284,0.09921536021464056
same_customer_history_before_last_complaint,transaction_status,Declined,15584,5.009337863509686,15584,17,0.10908624229979466
same_customer_history_before_last_complaint,transaction_status,Pending,6103,1.9617549397458687,6103,9,0.14746845813534326
same_customer_history_before_last_complaint,transaction_status,Reversed,3166,1.0176824740677406,3166,6,0.18951358180669614
same_customer_history_before_last_complaint,channel,ATM,93163,29.94641577118538,93163,97,0.10411858785140024
same_customer_history_before_last_complaint,channel,App,46807,15.045692850185954,46807,43,0.09186660114940073
same_customer_history_before_last_complaint,channel,Branch,9222,2.964329682834082,9222,11,0.11927998265018434
same_customer_history_before_last_complaint,channel,POS,108886,35.00043394546431,108886,107,0.09826791323035101
same_customer_history_before_last_complaint,channel,Transfer,6339,2.0376150357281766,6339,4,0.06310143555765893
same_customer_history_before_last_complaint,channel,Web,46682,15.005512714602105,46682,54,0.11567627779443897
same_customer_history_before_last_complaint,transaction_category,Entertainment,18211,5.853763592939868,18211,23,0.1262972928449838
same_customer_history_before_last_complaint,transaction_category,Food,30371,9.762487182536749,30371,28,0.09219321062856015
same_customer_history_before_last_complaint,transaction_category,Health,12252,3.938296169386594,12252,12,0.0979431929480901
same_customer_history_before_last_complaint,transaction_category,Other,18653,5.99584055236436,18653,21,0.11258242641934273
same_customer_history_before_last_complaint,transaction_category,Services,24250,7.794946303266806,24250,26,0.10721649484536082
same_customer_history_before_last_complaint,transaction_category,Transport,18358,5.901015432386475,18358,15,0.08170824708573919
same_customer_history_before_last_complaint,transaction_category,,189004,60.75365076711915,189004,191,0.10105606230555968
same_customer_history_before_last_complaint,merchant_available,false,238110,76.53833667096326,238110,237,0.09953382890260803
same_customer_history_before_last_complaint,merchant_available,true,72989,23.46166332903674,72989,79,0.10823548753921824
same_customer_history_before_last_complaint,response_code,00,272001,87.4322964715412,272001,269,0.09889669523273811
same_customer_history_before_last_complaint,response_code,05,5841,1.87753737556212,5841,6,0.1027221366204417
same_customer_history_before_last_complaint,response_code,14,5937,1.9083957196905166,5937,8,0.134748189321206
same_customer_history_before_last_complaint,response_code,51,5937,1.9083957196905166,5937,5,0.08421761832575375
same_customer_history_before_last_complaint,response_code,54,5934,1.9074313964365042,5934,12,0.20222446916076844
same_customer_history_before_last_complaint,response_code,,15449,4.965943317079129,15449,16,0.10356657388827756
same_customer_history_before_last_complaint,transaction_country,Argentina,61985,19.9245256333193,61985,57,0.09195773170928451
same_customer_history_before_last_complaint,transaction_country,Brazil,2814,0.9045352122636202,2814,1,0.03553660270078181
same_customer_history_before_last_complaint,transaction_country,Colombia,93165,29.94705865335472,93165,99,0.10626308162936725
same_customer_history_before_last_complaint,transaction_country,Mexico,2909,0.9350721153073459,2909,3,0.10312822275696115
same_customer_history_before_last_complaint,transaction_country,México,144522,46.4553084387928,144522,147,0.1017146178436501
same_customer_history_before_last_complaint,transaction_country,Spain,2854,0.9173928556504521,2854,5,0.1751927119831815
same_customer_history_before_last_complaint,transaction_country,USA,2850,0.9161070913117689,2850,4,0.14035087719298245
same_customer_history_before_last_complaint,merchant_category,Entertainment,10819,3.477671095053343,10819,15,0.138644976430354
same_customer_history_before_last_complaint,merchant_category,Food,18093,5.815833544948714,18093,16,0.08843199027248107
same_customer_history_before_last_complaint,merchant_category,Health,7381,2.372556645955146,7381,8,0.10838639750711286
same_customer_history_before_last_complaint,merchant_category,Other,11151,3.5843895351640476,11151,18,0.16142050040355124
same_customer_history_before_last_complaint,merchant_category,Services,14414,4.633251794444855,14414,12,0.0832523935063133
same_customer_history_before_last_complaint,merchant_category,Transport,10953,3.5207442003992298,10953,10,0.09129918743723181
same_customer_history_before_last_complaint,merchant_category,,238288,76.59555318403467,238288,237,0.09945947760692943
unique_candidates_plus_minus_30d,transaction_type,Adjustment,971,2.7288311834302896,971,1,0.10298661174047374
unique_candidates_plus_minus_30d,transaction_type,Deposit,4809,13.514880701458562,4809,3,0.06238303181534623
unique_candidates_plus_minus_30d,transaction_type,Payment,6010,16.890087963353288,6010,5,0.08319467554076539
unique_candidates_plus_minus_30d,transaction_type,Purchase,8772,24.652221566478374,8772,10,0.11399908800729594
unique_candidates_plus_minus_30d,transaction_type,Transfer,7255,20.388949779389034,7255,4,0.05513439007580979
unique_candidates_plus_minus_30d,transaction_type,Withdrawal,7766,21.825028805890454,7766,9,0.11588977594643317
unique_candidates_plus_minus_30d,transaction_status,Approved,32622,91.67861057246438,32622,31,0.09502789528539023
unique_candidates_plus_minus_30d,transaction_status,Declined,1868,5.249697889441587,1868,1,0.05353319057815846
unique_candidates_plus_minus_30d,transaction_status,Pending,720,2.0234381586712757,720,0,0.0
unique_candidates_plus_minus_30d,transaction_status,Reversed,373,1.048253379422758,373,0,0.0
unique_candidates_plus_minus_30d,channel,ATM,10746,30.19981451816879,10746,11,0.10236367020286619
unique_candidates_plus_minus_30d,channel,App,5248,14.748615912092854,5248,1,0.019054878048780487
unique_candidates_plus_minus_30d,channel,Branch,1086,3.0520192226625076,1086,3,0.27624309392265195
unique_candidates_plus_minus_30d,channel,POS,12435,34.94646319871849,12435,13,0.10454362685967028
unique_candidates_plus_minus_30d,channel,Transfer,704,1.9784728662563584,704,0,0.0
unique_candidates_plus_minus_30d,channel,Web,5364,15.074614282101003,5364,4,0.07457121551081283
unique_candidates_plus_minus_30d,transaction_category,Entertainment,2053,5.769609082989068,2053,2,0.0974184120798831
unique_candidates_plus_minus_30d,transaction_category,Food,3638,10.223983362841807,3638,2,0.05497526113249038
unique_candidates_plus_minus_30d,transaction_category,Health,1342,3.7714639013011833,1342,2,0.14903129657228018
unique_candidates_plus_minus_30d,transaction_category,Other,2172,6.104038445325015,2172,3,0.13812154696132597
unique_candidates_plus_minus_30d,transaction_category,Services,2796,7.857684849506787,2796,3,0.1072961373390558
unique_candidates_plus_minus_30d,transaction_category,Transport,2069,5.814574375403985,2069,3,0.14499758337361043
unique_candidates_plus_minus_30d,transaction_category,,21513,60.458645982632156,21513,17,0.07902198670571282
unique_candidates_plus_minus_30d,merchant_available,false,27208,76.46347975156677,27208,23,0.08453396059982358
unique_candidates_plus_minus_30d,merchant_available,true,8375,23.53652024843324,8375,9,0.10746268656716418
unique_candidates_plus_minus_30d,response_code,00,31038,87.22704662338758,31038,28,0.09021199819576003
unique_candidates_plus_minus_30d,response_code,05,697,1.958800550824832,697,0,0.0
unique_candidates_plus_minus_30d,response_code,14,726,2.0403001433268697,726,1,0.13774104683195593
unique_candidates_plus_minus_30d,response_code,51,705,1.9812831970322906,705,0,0.0
unique_candidates_plus_minus_30d,response_code,54,678,1.9054042660821178,678,0,0.0
unique_candidates_plus_minus_30d,response_code,,1739,4.887165219346317,1739,3,0.1725129384703853
unique_candidates_plus_minus_30d,transaction_country,Argentina,7205,20.24843324059242,7205,8,0.11103400416377515
unique_candidates_plus_minus_30d,transaction_country,Brazil,323,0.9077368406261417,323,0,0.0
unique_candidates_plus_minus_30d,transaction_country,Colombia,10650,29.930022763679286,10650,8,0.07511737089201878
unique_candidates_plus_minus_30d,transaction_country,Mexico,338,0.9498918022651266,338,0,0.0
unique_candidates_plus_minus_30d,transaction_country,México,16431,46.17654497934407,16431,16,0.09737690950033473
unique_candidates_plus_minus_30d,transaction_country,Spain,311,0.8740128713149538,311,0,0.0
unique_candidates_plus_minus_30d,transaction_country,USA,325,0.9133575021780064,325,0,0.0
unique_candidates_plus_minus_30d,merchant_category,Entertainment,1233,3.4651378467245593,1233,1,0.08110300081103
unique_candidates_plus_minus_30d,merchant_category,Food,2171,6.101228114549082,2171,1,0.046061722708429294
unique_candidates_plus_minus_30d,merchant_category,Health,783,2.2004889975550124,783,1,0.1277139208173691
unique_candidates_plus_minus_30d,merchant_category,Other,1260,3.541016777674732,1260,3,0.23809523809523808
unique_candidates_plus_minus_30d,merchant_category,Services,1644,4.620183795632746,1644,1,0.06082725060827251
unique_candidates_plus_minus_30d,merchant_category,Transport,1206,3.3892589157743864,1206,2,0.16583747927031509
unique_candidates_plus_minus_30d,merchant_category,,27286,76.68268555208948,27286,23,0.0842923110752767
