sign,log10_bin,records
missing,,2537456
positive,0.6,20
positive,0.7,1258
positive,0.8,1535
positive,0.9,1911
positive,1.0,2625
positive,1.1,3286
positive,1.2,4123
positive,1.3,9448
positive,1.4,12105
positive,1.5,15029
positive,1.6,19144
positive,1.7,26827
positive,1.8,33831
positive,1.9,42529
positive,2.0,54310
positive,2.1,68813
positive,2.2,85684
positive,2.3,108498
positive,2.4,136783
positive,2.5,171671
positive,2.6,214666
positive,2.7,40182
positive,2.8,50007
positive,2.9,63911
positive,3.0,65506
positive,3.1,82272
positive,3.2,103695
positive,3.3,47621
positive,3.4,60029
positive,3.5,74413
positive,3.6,93156
positive,3.7,50281
positive,3.8,63038
positive,3.9,79345
