dataset,month,records
call_center_interactions,2023-06,9012
call_center_interactions,2023-07,19261
call_center_interactions,2023-08,19729
call_center_interactions,2023-09,18349
call_center_interactions,2023-10,19168
call_center_interactions,2023-11,18734
call_center_interactions,2023-12,19141
call_center_interactions,2024-01,18947
call_center_interactions,2024-02,18474
call_center_interactions,2024-03,18952
call_center_interactions,2024-04,19730
call_center_interactions,2024-05,19155
call_center_interactions,2024-06,18255
call_center_interactions,2024-07,19576
call_center_interactions,2024-08,19916
call_center_interactions,2024-09,18840
call_center_interactions,2024-10,19598
call_center_interactions,2024-11,17691
call_center_interactions,2024-12,18992
call_center_interactions,2025-01,19513
call_center_interactions,2025-02,17171
call_center_interactions,2025-03,19523
call_center_interactions,2025-04,19160
call_center_interactions,2025-05,19745
call_center_interactions,2025-06,18159
call_center_interactions,2025-07,19716
call_center_interactions,2025-08,19077
call_center_interactions,2025-09,19317
call_center_interactions,2025-10,19032
call_center_interactions,2025-11,19007
call_center_interactions,2025-12,19606
call_center_interactions,2026-01,18831
call_center_interactions,2026-02,17776
call_center_interactions,2026-03,20406
call_center_interactions,2026-04,18820
call_center_interactions,2026-05,18774
call_center_interactions,2026-06,11143
call_transcripts,2023-06,2279
call_transcripts,2023-07,4830
call_transcripts,2023-08,4953
call_transcripts,2023-09,4557
call_transcripts,2023-10,4781
call_transcripts,2023-11,4655
call_transcripts,2023-12,4758
call_transcripts,2024-01,4746
call_transcripts,2024-02,4567
call_transcripts,2024-03,4740
call_transcripts,2024-04,4953
call_transcripts,2024-05,4720
call_transcripts,2024-06,4591
call_transcripts,2024-07,5033
call_transcripts,2024-08,4872
call_transcripts,2024-09,4737
call_transcripts,2024-10,4855
call_transcripts,2024-11,4344
call_transcripts,2024-12,4824
call_transcripts,2025-01,4903
call_transcripts,2025-02,4216
call_transcripts,2025-03,4843
call_transcripts,2025-04,4735
call_transcripts,2025-05,4865
call_transcripts,2025-06,4581
call_transcripts,2025-07,4965
call_transcripts,2025-08,4739
call_transcripts,2025-09,4745
call_transcripts,2025-10,4746
call_transcripts,2025-11,4654
call_transcripts,2025-12,4982
call_transcripts,2026-01,4638
call_transcripts,2026-02,4479
call_transcripts,2026-03,5241
call_transcripts,2026-04,4740
call_transcripts,2026-05,4670
call_transcripts,2026-06,2784
campaign_sends,2023-07,47370
campaign_sends,2023-08,52044
campaign_sends,2023-09,46499
campaign_sends,2023-10,49658
campaign_sends,2023-11,49016
campaign_sends,2023-12,50450
campaign_sends,2024-01,50813
campaign_sends,2024-02,47663
campaign_sends,2024-03,48236
campaign_sends,2024-04,49359
campaign_sends,2024-05,51631
campaign_sends,2024-06,46979
campaign_sends,2024-07,52472
campaign_sends,2024-08,48796
campaign_sends,2024-09,47353
campaign_sends,2024-10,50229
campaign_sends,2024-11,47973
campaign_sends,2024-12,49529
campaign_sends,2025-01,50625
campaign_sends,2025-02,44560
campaign_sends,2025-03,49271
campaign_sends,2025-04,49042
campaign_sends,2025-05,48918
campaign_sends,2025-06,47924
campaign_sends,2025-07,50184
campaign_sends,2025-08,49906
campaign_sends,2025-09,48075
campaign_sends,2025-10,50361
campaign_sends,2025-11,48391
campaign_sends,2025-12,50670
campaign_sends,2026-01,50622
campaign_sends,2026-02,44624
campaign_sends,2026-03,49732
campaign_sends,2026-04,50036
campaign_sends,2026-05,49814
campaign_sends,2026-06,27976
complaints,2023-06,796
complaints,2023-07,1883
complaints,2023-08,1915
complaints,2023-09,1811
complaints,2023-10,1872
complaints,2023-11,1835
complaints,2023-12,1954
complaints,2024-01,1887
complaints,2024-02,1726
complaints,2024-03,1925
complaints,2024-04,1867
complaints,2024-05,1822
complaints,2024-06,1833
complaints,2024-07,1901
complaints,2024-08,1887
complaints,2024-09,1835
complaints,2024-10,1883
complaints,2024-11,1878
complaints,2024-12,1874
complaints,2025-01,2001
complaints,2025-02,1740
complaints,2025-03,1772
complaints,2025-04,1787
complaints,2025-05,1884
complaints,2025-06,1818
complaints,2025-07,1973
complaints,2025-08,1906
complaints,2025-09,1765
complaints,2025-10,1972
complaints,2025-11,1806
complaints,2025-12,1928
complaints,2026-01,1939
complaints,2026-02,1706
complaints,2026-03,1962
complaints,2026-04,1863
complaints,2026-05,1825
complaints,2026-06,1064
digital_events,2023-06,187854
digital_events,2023-07,517503
digital_events,2023-08,442357
digital_events,2023-09,443438
digital_events,2023-10,482408
digital_events,2023-11,421143
digital_events,2023-12,430013
digital_events,2024-01,496561
digital_events,2024-02,371207
digital_events,2024-03,422149
digital_events,2024-04,392565
digital_events,2024-05,463218
digital_events,2024-06,421631
digital_events,2024-07,444089
digital_events,2024-08,421329
digital_events,2024-09,425877
digital_events,2024-10,408334
digital_events,2024-11,388069
digital_events,2024-12,401712
digital_events,2025-01,443556
digital_events,2025-02,392260
digital_events,2025-03,430590
digital_events,2025-04,387705
digital_events,2025-05,478244
digital_events,2025-06,415782
digital_events,2025-07,486439
digital_events,2025-08,451054
digital_events,2025-09,446013
digital_events,2025-10,398113
digital_events,2025-11,419649
digital_events,2025-12,424489
digital_events,2026-01,516214
digital_events,2026-02,412399
digital_events,2026-03,429503
digital_events,2026-04,427235
digital_events,2026-05,426263
digital_events,2026-06,254029
satisfaction_surveys,2023-06,2666
satisfaction_surveys,2023-07,6007
satisfaction_surveys,2023-08,6081
satisfaction_surveys,2023-09,5752
satisfaction_surveys,2023-10,5904
satisfaction_surveys,2023-11,5805
satisfaction_surveys,2023-12,5976
satisfaction_surveys,2024-01,5840
satisfaction_surveys,2024-02,5745
satisfaction_surveys,2024-03,5900
satisfaction_surveys,2024-04,6040
satisfaction_surveys,2024-05,5928
satisfaction_surveys,2024-06,5754
satisfaction_surveys,2024-07,5988
satisfaction_surveys,2024-08,6245
satisfaction_surveys,2024-09,5784
satisfaction_surveys,2024-10,6084
satisfaction_surveys,2024-11,5534
satisfaction_surveys,2024-12,5849
satisfaction_surveys,2025-01,6035
satisfaction_surveys,2025-02,5317
satisfaction_surveys,2025-03,6087
satisfaction_surveys,2025-04,5900
satisfaction_surveys,2025-05,6168
satisfaction_surveys,2025-06,5594
satisfaction_surveys,2025-07,6128
satisfaction_surveys,2025-08,5947
satisfaction_surveys,2025-09,5949
satisfaction_surveys,2025-10,5914
satisfaction_surveys,2025-11,5906
satisfaction_surveys,2025-12,6028
satisfaction_surveys,2026-01,5902
satisfaction_surveys,2026-02,5490
satisfaction_surveys,2026-03,6295
satisfaction_surveys,2026-04,5823
satisfaction_surveys,2026-05,5878
satisfaction_surveys,2026-06,3516
transactions,2023-06,56260
transactions,2023-07,121313
transactions,2023-08,127592
transactions,2023-09,119559
transactions,2023-10,127793
transactions,2023-11,121984
transactions,2023-12,125969
transactions,2024-01,122201
transactions,2024-02,117135
transactions,2024-03,121588
transactions,2024-04,121330
transactions,2024-05,126371
transactions,2024-06,121816
transactions,2024-07,128772
transactions,2024-08,122764
transactions,2024-09,117525
transactions,2024-10,127493
transactions,2024-11,121481
transactions,2024-12,122761
transactions,2025-01,122180
transactions,2025-02,110465
transactions,2025-03,123716
transactions,2025-04,120744
transactions,2025-05,126997
transactions,2025-06,118788
transactions,2025-07,126882
transactions,2025-08,126039
transactions,2025-09,118563
transactions,2025-10,129268
transactions,2025-11,120775
transactions,2025-12,122382
transactions,2026-01,121962
transactions,2026-02,115098
transactions,2026-03,123915
transactions,2026-04,126492
transactions,2026-05,127559
transactions,2026-06,71476
