month,records
2018-06-01,656
2018-07-01,1678
2018-08-01,1566
2018-09-01,1575
2018-10-01,1656
2018-11-01,1586
2018-12-01,1582
2019-01-01,1605
2019-02-01,1448
2019-03-01,1561
2019-04-01,1596
2019-05-01,1579
2019-06-01,1557
2019-07-01,1583
2019-08-01,1546
2019-09-01,1566
2019-10-01,1574
2019-11-01,1515
2019-12-01,1638
2020-01-01,1571
2020-02-01,1458
2020-03-01,1568
2020-04-01,1587
2020-05-01,1566
2020-06-01,1563
2020-07-01,1600
2020-08-01,1637
2020-09-01,1576
2020-10-01,1539
2020-11-01,1500
2020-12-01,1511
2021-01-01,1649
2021-02-01,1438
2021-03-01,1557
2021-04-01,1582
2021-05-01,1555
2021-06-01,1538
2021-07-01,1617
2021-08-01,1588
2021-09-01,1556
2021-10-01,1559
2021-11-01,1551
2021-12-01,1587
2022-01-01,1559
2022-02-01,1452
2022-03-01,1556
2022-04-01,1517
2022-05-01,1545
2022-06-01,1574
2022-07-01,1524
2022-08-01,1624
2022-09-01,1625
2022-10-01,1614
2022-11-01,1491
2022-12-01,1553
2023-01-01,1615
2023-02-01,1407
2023-03-01,1557
2023-04-01,1575
2023-05-01,1579
2023-06-01,1501
2023-07-01,1584
2023-08-01,1639
2023-09-01,1562
2023-10-01,1541
2023-11-01,1528
2023-12-01,1525
2024-01-01,1600
2024-02-01,1518
2024-03-01,1586
2024-04-01,1615
2024-05-01,1613
2024-06-01,1508
2024-07-01,1602
2024-08-01,1533
2024-09-01,1525
2024-10-01,1608
2024-11-01,1556
2024-12-01,1650
2025-01-01,1536
2025-02-01,1457
2025-03-01,1646
2025-04-01,1523
2025-05-01,1631
2025-06-01,1565
2025-07-01,1595
2025-08-01,1556
2025-09-01,1573
2025-10-01,1588
2025-11-01,1555
2025-12-01,1577
2026-01-01,1551
2026-02-01,1432
2026-03-01,1558
2026-04-01,1576
2026-05-01,1523
2026-06-01,877
