source,record,metric,value
semantic_validation.csv,0,validation,transaction_product_customer
semantic_validation.csv,0,total,4425008
semantic_validation.csv,0,eligible,4425008
semantic_validation.csv,0,linked,4425008
semantic_validation.csv,0,orphan,0
semantic_validation.csv,0,inconsistent,0
semantic_validation.csv,0,consistent,4425008
semantic_validation.csv,0,consistent_pct,100.0
semantic_validation.csv,1,validation,transcript_customer
semantic_validation.csv,1,total,171321
semantic_validation.csv,1,eligible,171321
semantic_validation.csv,1,linked,171321
semantic_validation.csv,1,orphan,0
semantic_validation.csv,1,inconsistent,0
semantic_validation.csv,1,consistent,171321
semantic_validation.csv,1,consistent_pct,100.0
semantic_validation.csv,2,validation,transcript_agent
semantic_validation.csv,2,total,171321
semantic_validation.csv,2,eligible,171321
semantic_validation.csv,2,linked,171321
semantic_validation.csv,2,orphan,0
semantic_validation.csv,2,inconsistent,0
semantic_validation.csv,2,consistent,171321
semantic_validation.csv,2,consistent_pct,100.0
semantic_validation.csv,3,validation,survey_customer
semantic_validation.csv,3,total,212759
semantic_validation.csv,3,eligible,212759
semantic_validation.csv,3,linked,212759
semantic_validation.csv,3,orphan,0
semantic_validation.csv,3,inconsistent,0
semantic_validation.csv,3,consistent,212759
semantic_validation.csv,3,consistent_pct,100.0
semantic_validation.csv,4,validation,survey_agent
semantic_validation.csv,4,total,212759
semantic_validation.csv,4,eligible,212759
semantic_validation.csv,4,linked,212759
semantic_validation.csv,4,orphan,0
semantic_validation.csv,4,inconsistent,0
semantic_validation.csv,4,consistent,212759
semantic_validation.csv,4,consistent_pct,100.0
semantic_validation.csv,5,validation,complaint_product_customer
semantic_validation.csv,5,total,67095
semantic_validation.csv,5,eligible,44570
semantic_validation.csv,5,linked,44570
semantic_validation.csv,5,orphan,0
semantic_validation.csv,5,inconsistent,44570
semantic_validation.csv,5,consistent,0
semantic_validation.csv,5,consistent_pct,0.0
digital_coverage.csv,0,events,15620994
digital_coverage.csv,0,identified,11875548
digital_coverage.csv,0,anonymous,3745446
digital_coverage.csv,0,identified_pct,76.02299828039112
digital_coverage.csv,0,anonymous_pct,23.97700171960888
digital_coverage.csv,0,identified_customers,149997
digital_coverage.csv,0,product_known,1440338
digital_coverage.csv,0,product_known_pct,9.220527195644529
digital_coverage.csv,0,session_known,15620994
transcript_coverage.csv,0,n_interactions,686296
transcript_coverage.csv,0,n_interactions_with_transcript,171321
transcript_coverage.csv,0,interaction_coverage_pct,24.96313544010165
transcript_coverage.csv,0,n_calls,583250
transcript_coverage.csv,0,n_calls_with_transcript,145577
transcript_coverage.csv,0,call_coverage_pct,24.95962280325761
transcript_coverage.csv,0,child_rows,171321
survey_coverage.csv,0,n_interactions,686296
survey_coverage.csv,0,n_interactions_with_survey,212759
survey_coverage.csv,0,interaction_coverage_pct,31.001054938393928
survey_coverage.csv,0,n_calls,583250
survey_coverage.csv,0,n_calls_with_survey,180908
survey_coverage.csv,0,call_coverage_pct,31.017231033004716
survey_coverage.csv,0,child_rows,212759
campaign_funnel.csv,0,sent,1746801
campaign_funnel.csv,0,delivered,1642044
campaign_funnel.csv,0,opened,487309
campaign_funnel.csv,0,clicked,97793
campaign_funnel.csv,0,converted,9799
campaign_funnel.csv,0,strict_full_funnel,9799
campaign_funnel.csv,0,conversion_value_sum_currency_unspecified,24958899.920000024
campaign_funnel.csv,0,send_cost_sum_currency_unspecified,63844.158299956514
campaign_funnel.csv,0,opened_without_delivered,0
campaign_funnel.csv,0,clicked_without_opened,0
campaign_funnel.csv,0,converted_without_clicked,0
campaign_funnel.csv,0,converted_missing_date,0
campaign_funnel.csv,0,nonconverted_with_date,0
campaign_funnel.csv,0,nonconverted_without_date,1737002
feature_cardinality.csv,0,table,products_customer_features
feature_cardinality.csv,0,rows,139578
feature_cardinality.csv,0,distinct_customers,139578
feature_cardinality.csv,0,null_ids,0
feature_cardinality.csv,1,table,transactions_customer_features
feature_cardinality.csv,1,rows,134515
feature_cardinality.csv,1,distinct_customers,134515
feature_cardinality.csv,1,null_ids,0
feature_cardinality.csv,2,table,digital_customer_features
feature_cardinality.csv,2,rows,149997
feature_cardinality.csv,2,distinct_customers,149997
feature_cardinality.csv,2,null_ids,0
feature_cardinality.csv,3,table,call_customer_features
feature_cardinality.csv,3,rows,148439
feature_cardinality.csv,3,distinct_customers,148439
feature_cardinality.csv,3,null_ids,0
feature_cardinality.csv,4,table,complaint_customer_features
feature_cardinality.csv,4,rows,54127
feature_cardinality.csv,4,distinct_customers,54127
feature_cardinality.csv,4,null_ids,0
feature_cardinality.csv,5,table,survey_customer_features
feature_cardinality.csv,5,rows,113609
feature_cardinality.csv,5,distinct_customers,113609
feature_cardinality.csv,5,null_ids,0
feature_cardinality.csv,6,table,campaign_customer_features
feature_cardinality.csv,6,rows,150000
feature_cardinality.csv,6,distinct_customers,150000
feature_cardinality.csv,6,null_ids,0
feature_cardinality.csv,7,table,customer_360_eda
feature_cardinality.csv,7,rows,150000
feature_cardinality.csv,7,distinct_customers,150000
feature_cardinality.csv,7,null_ids,0
