month,interactions,with_child,coverage_pct
2023-06-01,9012,2796,31.025299600532623
2023-07-01,19261,5977,31.031618296038626
2023-08-01,19729,6100,30.91895179684728
2023-09-01,18349,5697,31.04801351572293
2023-10-01,19168,5941,30.994365609348915
2023-11-01,18734,5810,31.013131205295185
2023-12-01,19141,5923,30.944046810511466
2024-01-01,18947,5886,31.065604053412148
2024-02-01,18474,5728,31.00573779365595
2024-03-01,18952,5874,30.99409033347404
2024-04-01,19730,6118,31.00861632032438
2024-05-01,19155,5941,31.015400678673977
2024-06-01,18255,5653,30.966858394960283
2024-07-01,19576,6074,31.027789129546385
2024-08-01,19916,6175,31.005221932114882
2024-09-01,18840,5833,30.96072186836518
2024-10-01,19598,6083,31.0388815185223
2024-11-01,17691,5489,31.02707591430671
2024-12-01,18992,5885,30.986731255265376
2025-01-01,19513,6052,31.015220622149336
2025-02-01,17171,5312,30.935880263234523
2025-03-01,19523,6064,31.060800081954618
2025-04-01,19160,5927,30.934237995824635
2025-05-01,19745,6124,31.01544694859458
2025-06-01,18159,5622,30.95985461754502
2025-07-01,19716,6125,31.06613917630351
2025-08-01,19077,5907,30.96398804843529
2025-09-01,19317,5994,31.029662991147692
2025-10-01,19032,5886,30.92686002522068
2025-11-01,19007,5900,31.041195349081917
2025-12-01,19606,6084,31.031316943792717
2026-01-01,18831,5828,30.94896712867081
2026-02-01,17776,5520,31.053105310531052
2026-03-01,20406,6326,31.00068607272371
2026-04-01,18820,5833,30.993623804463336
2026-05-01,18774,5821,31.005646106317247
2026-06-01,11143,3451,30.970115767746567
