merchant_name,transactions,median_usd,total_usd
Super Ahorro,64527,253.21,6941088.669999993
Restaurante El Buen Sabor,64370,254.03,6967715.070000022
Tienda Don José,64249,251.765,6871207.240000006
Mercado Central,63912,252.19,6945914.970000006
Empresa Telefónica,51464,253.45,5537678.509999998
Cable TV,51430,251.95499999999998,5509316.11000002
Servicios Públicos,51250,249.685,5447671.519999985
Internet Plus,51002,250.49,5478506.230000008
Estación de Servicio,39019,254.815,4226659.830000015
Uber,38881,250.7,4137189.1499999925
Taxi Seguro,38865,253.845,4195758.9
Ferretería,38832,252.965,4170588.2899999972
Tienda General,38793,254.19,4164843.9100000146
Cine Premium,38698,250.77,4129228.2600000035
Centro Comercial,38683,253.255,4169523.579999997
Boutique Moda,38653,251.86,4250120.2500000065
Streaming Music,38516,253.79500000000002,4133331.860000005
Conciertos Live,38500,253.72,4194100.640000006
Teatro Nacional,38366,252.98000000000002,4171864.4700000035
Gasolinera Express,38183,254.685,4176781.519999992
Farmacia Salud,25835,249.68,2766665.920000002
Clínica Médica,25783,252.42000000000002,2795263.5100000026
Laboratorio Central,25763,248.3,2777822.109999999
Óptica Visión,25660,251.785,2758981.5099999947
