question,survey_type,question_text,response,records
1,CES,¿Cómo calificaría la atención brindada?,1.0,754
1,CES,¿Cómo calificaría la atención brindada?,2.0,775
1,CES,¿Cómo calificaría la atención brindada?,3.0,794
1,CES,¿Cómo calificaría la atención brindada?,4.0,743
1,CES,¿Cómo calificaría la atención brindada?,5.0,808
1,CES,¿Cómo calificaría la atención brindada?,,211
1,CES,¿El agente resolvió su consulta satisfactoriamente?,1.0,726
1,CES,¿El agente resolvió su consulta satisfactoriamente?,2.0,796
1,CES,¿El agente resolvió su consulta satisfactoriamente?,3.0,785
1,CES,¿El agente resolvió su consulta satisfactoriamente?,4.0,761
1,CES,¿El agente resolvió su consulta satisfactoriamente?,5.0,798
1,CES,¿El agente resolvió su consulta satisfactoriamente?,,230
1,CES,¿Qué tan satisfecho está con el servicio recibido?,1.0,779
1,CES,¿Qué tan satisfecho está con el servicio recibido?,2.0,729
1,CES,¿Qué tan satisfecho está con el servicio recibido?,3.0,739
1,CES,¿Qué tan satisfecho está con el servicio recibido?,4.0,743
1,CES,¿Qué tan satisfecho está con el servicio recibido?,5.0,762
1,CES,¿Qué tan satisfecho está con el servicio recibido?,,216
1,CES,,1.0,129
1,CES,,2.0,126
1,CES,,3.0,118
1,CES,,4.0,113
1,CES,,5.0,132
1,CES,,,8468
1,CSAT,¿Cómo calificaría la atención brindada?,1.0,4616
1,CSAT,¿Cómo calificaría la atención brindada?,2.0,4631
1,CSAT,¿Cómo calificaría la atención brindada?,3.0,4725
1,CSAT,¿Cómo calificaría la atención brindada?,4.0,4650
1,CSAT,¿Cómo calificaría la atención brindada?,5.0,4718
1,CSAT,¿Cómo calificaría la atención brindada?,,1226
1,CSAT,¿El agente resolvió su consulta satisfactoriamente?,1.0,4552
1,CSAT,¿El agente resolvió su consulta satisfactoriamente?,2.0,4675
1,CSAT,¿El agente resolvió su consulta satisfactoriamente?,3.0,4658
1,CSAT,¿El agente resolvió su consulta satisfactoriamente?,4.0,4584
1,CSAT,¿El agente resolvió su consulta satisfactoriamente?,5.0,4637
1,CSAT,¿El agente resolvió su consulta satisfactoriamente?,,1196
1,CSAT,¿Qué tan satisfecho está con el servicio recibido?,1.0,4609
1,CSAT,¿Qué tan satisfecho está con el servicio recibido?,2.0,4555
1,CSAT,¿Qué tan satisfecho está con el servicio recibido?,3.0,4628
1,CSAT,¿Qué tan satisfecho está con el servicio recibido?,4.0,4593
1,CSAT,¿Qué tan satisfecho está con el servicio recibido?,5.0,4600
1,CSAT,¿Qué tan satisfecho está con el servicio recibido?,,1210
1,CSAT,,1.0,764
1,CSAT,,2.0,733
1,CSAT,,3.0,672
1,CSAT,,4.0,747
1,CSAT,,5.0,737
1,CSAT,,,51140
1,NPS,¿Cómo calificaría la atención brindada?,1.0,2226
1,NPS,¿Cómo calificaría la atención brindada?,2.0,2271
1,NPS,¿Cómo calificaría la atención brindada?,3.0,2325
1,NPS,¿Cómo calificaría la atención brindada?,4.0,2261
1,NPS,¿Cómo calificaría la atención brindada?,5.0,2349
1,NPS,¿Cómo calificaría la atención brindada?,,584
1,NPS,¿El agente resolvió su consulta satisfactoriamente?,1.0,2225
1,NPS,¿El agente resolvió su consulta satisfactoriamente?,2.0,2274
1,NPS,¿El agente resolvió su consulta satisfactoriamente?,3.0,2304
1,NPS,¿El agente resolvió su consulta satisfactoriamente?,4.0,2359
1,NPS,¿El agente resolvió su consulta satisfactoriamente?,5.0,2365
1,NPS,¿El agente resolvió su consulta satisfactoriamente?,,564
1,NPS,¿Qué tan satisfecho está con el servicio recibido?,1.0,2307
1,NPS,¿Qué tan satisfecho está con el servicio recibido?,2.0,2274
1,NPS,¿Qué tan satisfecho está con el servicio recibido?,3.0,2219
1,NPS,¿Qué tan satisfecho está con el servicio recibido?,4.0,2272
1,NPS,¿Qué tan satisfecho está con el servicio recibido?,5.0,2264
1,NPS,¿Qué tan satisfecho está con el servicio recibido?,,648
1,NPS,,1.0,366
1,NPS,,2.0,378
1,NPS,,3.0,347
1,NPS,,4.0,385
1,NPS,,5.0,405
1,NPS,,,25696
2,CES,¿El tiempo de espera fue aceptable?,1.0,1504
2,CES,¿El tiempo de espera fue aceptable?,2.0,1525
2,CES,¿El tiempo de espera fue aceptable?,3.0,1617
2,CES,¿El tiempo de espera fue aceptable?,4.0,1508
2,CES,¿El tiempo de espera fue aceptable?,5.0,1552
2,CES,¿El tiempo de espera fue aceptable?,,376
2,CES,,1.0,98
2,CES,,2.0,84
2,CES,,3.0,72
2,CES,,4.0,84
2,CES,,5.0,77
2,CES,,,12738
2,CSAT,¿El tiempo de espera fue aceptable?,1.0,9109
2,CSAT,¿El tiempo de espera fue aceptable?,2.0,9286
2,CSAT,¿El tiempo de espera fue aceptable?,3.0,9516
2,CSAT,¿El tiempo de espera fue aceptable?,4.0,9350
2,CSAT,¿El tiempo de espera fue aceptable?,5.0,9293
2,CSAT,¿El tiempo de espera fue aceptable?,,2394
2,CSAT,,1.0,489
2,CSAT,,2.0,488
2,CSAT,,3.0,470
2,CSAT,,4.0,536
2,CSAT,,5.0,475
2,CSAT,,,76450
2,NPS,¿El tiempo de espera fue aceptable?,1.0,4591
2,NPS,¿El tiempo de espera fue aceptable?,2.0,4582
2,NPS,¿El tiempo de espera fue aceptable?,3.0,4645
2,NPS,¿El tiempo de espera fue aceptable?,4.0,4745
2,NPS,¿El tiempo de espera fue aceptable?,5.0,4548
2,NPS,¿El tiempo de espera fue aceptable?,,1230
2,NPS,,1.0,257
2,NPS,,2.0,252
2,NPS,,3.0,247
2,NPS,,4.0,250
2,NPS,,5.0,246
2,NPS,,,38075
3,CES,¿Volvería a contactarnos por este canal?,1.0,780
3,CES,¿Volvería a contactarnos por este canal?,2.0,777
3,CES,¿Volvería a contactarnos por este canal?,3.0,742
3,CES,¿Volvería a contactarnos por este canal?,4.0,727
3,CES,¿Volvería a contactarnos por este canal?,5.0,755
3,CES,¿Volvería a contactarnos por este canal?,,220
3,CES,,1.0,43
3,CES,,2.0,37
3,CES,,3.0,43
3,CES,,4.0,39
3,CES,,5.0,42
3,CES,,,17030
3,CSAT,¿Volvería a contactarnos por este canal?,1.0,4639
3,CSAT,¿Volvería a contactarnos por este canal?,2.0,4469
3,CSAT,¿Volvería a contactarnos por este canal?,3.0,4551
3,CSAT,¿Volvería a contactarnos por este canal?,4.0,4696
3,CSAT,¿Volvería a contactarnos por este canal?,5.0,4468
3,CSAT,¿Volvería a contactarnos por este canal?,,1285
3,CSAT,,1.0,229
3,CSAT,,2.0,225
3,CSAT,,3.0,281
3,CSAT,,4.0,240
3,CSAT,,5.0,248
3,CSAT,,,102525
3,NPS,¿Volvería a contactarnos por este canal?,1.0,2339
3,NPS,¿Volvería a contactarnos por este canal?,2.0,2340
3,NPS,¿Volvería a contactarnos por este canal?,3.0,2279
3,NPS,¿Volvería a contactarnos por este canal?,4.0,2291
3,NPS,¿Volvería a contactarnos por este canal?,5.0,2195
3,NPS,¿Volvería a contactarnos por este canal?,,591
3,NPS,,1.0,146
3,NPS,,2.0,106
3,NPS,,3.0,134
3,NPS,,4.0,104
3,NPS,,5.0,138
3,NPS,,,51005
