dataset,variable,category,records,pct
transactions,transaction_type,Purchase,1083406,24.48370714810007
transactions,transaction_type,Withdrawal,964673,21.800480360713472
transactions,transaction_type,Transfer,896438,20.258449250261243
transactions,transaction_type,Payment,738964,16.699721220842992
transactions,transaction_type,Deposit,609409,13.771929903855542
transactions,transaction_type,Adjustment,132118,2.9857121162266824
transactions,transaction_category,,2693520,60.870398426398324
transactions,transaction_category,Food,432468,9.773270466403677
transactions,transaction_category,Services,345370,7.804957640754548
transactions,transaction_category,Other,260518,5.887401785488297
transactions,transaction_category,Transport,260316,5.882836821989926
transactions,transaction_category,Entertainment,259643,5.867627809938423
transactions,transaction_category,Health,173173,3.913507049026804
transactions,channel,POS,1548161,34.986626012879526
transactions,channel,ATM,1328334,30.0187931863626
transactions,channel,Web,663445,14.993080238499005
transactions,channel,App,663414,14.992379674793808
transactions,channel,Branch,132495,2.9942318748350285
transactions,channel,Transfer,89159,2.0148890126300336
transactions,transaction_status,Approved,4070681,91.99262464610233
transactions,transaction_status,Declined,221234,4.999629379201123
transactions,transaction_status,Pending,88343,1.9964483680029506
transactions,transaction_status,Reversed,44750,1.0112976066935924
transactions,currency,USD,2437979,55.09547101383772
transactions,currency,COP,1194444,26.99303594479377
transactions,currency,ARS,792585,17.911493041368512
transactions,merchant_category,,3396215,76.7504827109917
transactions,merchant_category,Food,256846,5.804418884666423
transactions,merchant_category,Services,205124,4.635562240791429
transactions,merchant_category,Other,155029,3.503473892024602
transactions,merchant_category,Transport,154931,3.501259206763016
transactions,merchant_category,Entertainment,153960,3.479315743609955
transactions,merchant_category,Health,102903,2.3254873211528655
