feature,candidate_transactions,computable_count,computable_pct,complete_history_window_count,computable_complete_window_count,observed_zero_count,business_interpretation,recommendation,computability,leakage_risk,classification
customer_transaction_count_prior_7d,35583,35583,100.0,35438,35438,27151,Activity frequency,recommended,"Exact event-time range aggregate; count=0 is observed absence, not imputation",Strictly prior events only; availability/revision times unknown. Status counts especially unsafe as frozen-time predictors.,"DERIVED FEATURE feasibility, not production/model feature"
customer_transaction_count_prior_30d,35583,35583,100.0,34844,34844,12707,Activity frequency,recommended,"Exact event-time range aggregate; count=0 is observed absence, not imputation",Strictly prior events only; availability/revision times unknown. Status counts especially unsafe as frozen-time predictors.,"DERIVED FEATURE feasibility, not production/model feature"
customer_transaction_count_prior_90d,35583,35583,100.0,32885,32885,3330,Activity frequency,recommended,"Exact event-time range aggregate; count=0 is observed absence, not imputation",Strictly prior events only; availability/revision times unknown. Status counts especially unsafe as frozen-time predictors.,"DERIVED FEATURE feasibility, not production/model feature"
median_amount_prior_30d,35583,21876,61.47879605429559,34844,21578,0,Same-currency historical amount only,recommended,"Exact event-time range aggregate; count=0 is observed absence, not imputation",Strictly prior events only; availability/revision times unknown. Status counts especially unsafe as frozen-time predictors.,"DERIVED FEATURE feasibility, not production/model feature"
median_amount_prior_90d,35583,31621,88.86546946575612,32885,29741,0,Same-currency historical amount only,recommended,"Exact event-time range aggregate; count=0 is observed absence, not imputation",Strictly prior events only; availability/revision times unknown. Status counts especially unsafe as frozen-time predictors.,"DERIVED FEATURE feasibility, not production/model feature"
same_channel_count_prior_90d,35583,35583,100.0,32885,32885,16896,Familiarity with recorded channel,recommended,"Exact event-time range aggregate; count=0 is observed absence, not imputation",Strictly prior events only; availability/revision times unknown. Status counts especially unsafe as frozen-time predictors.,"DERIVED FEATURE feasibility, not production/model feature"
same_transaction_type_count_prior_90d,35583,35583,100.0,32885,32885,16749,Familiarity with recorded type,recommended,"Exact event-time range aggregate; count=0 is observed absence, not imputation",Strictly prior events only; availability/revision times unknown. Status counts especially unsafe as frozen-time predictors.,"DERIVED FEATURE feasibility, not production/model feature"
same_merchant_count_prior_90d,35583,8375,23.53652024843324,32885,7759,7914,Exact observed merchant string; not verified merchant identity,optional,"Exact event-time range aggregate; count=0 is observed absence, not imputation",Strictly prior events only; availability/revision times unknown. Status counts especially unsafe as frozen-time predictors.,"DERIVED FEATURE feasibility, not production/model feature"
prior_declined_count_30d,35583,35583,100.0,34844,34844,33485,Earlier events with current recorded status; status revisions unknown,optional,"Exact event-time range aggregate; count=0 is observed absence, not imputation",Strictly prior events only; availability/revision times unknown. Status counts especially unsafe as frozen-time predictors.,"DERIVED FEATURE feasibility, not production/model feature"
prior_reversed_count_30d,35583,35583,100.0,34844,34844,35155,Earlier events with current recorded status; status revisions unknown,optional,"Exact event-time range aggregate; count=0 is observed absence, not imputation",Strictly prior events only; availability/revision times unknown. Status counts especially unsafe as frozen-time predictors.,"DERIVED FEATURE feasibility, not production/model feature"
