cohort,currency,complaints,observed_claim_amounts,claim_minimum,claim_median,claim_maximum,transaction_records_same_currency,transaction_minimum,transaction_median,transaction_maximum,support
A,ARS,1114,1061,62.530000,2501.530000,4985.840000,792338,1750.050000,163279.490000,3499939.110000,overlapping_ranges_not_proof_of_linkage
A,COP,1121,1080,55.800000,2408.730000,4998.130000,1194084,20006.900000,1867144.000000,39999828.480000,disjoint_observed_amount_ranges
A,MXN,1132,1081,55.060000,2669.140000,4999.900000,0,,,,no_transaction_currency
A,USD,1120,1080,76.190000,2537.020000,4991.230000,2437234,5.000000,467.070000,9999.980000,overlapping_ranges_not_proof_of_linkage
A,,7084,198,82.700000,2754.830000,4961.640000,0,,,,missing_claim_currency
B,ARS,1006,956,62.530000,2502.505000,4985.840000,792338,1750.050000,163279.490000,3499939.110000,overlapping_ranges_not_proof_of_linkage
B,COP,1012,977,55.800000,2397.960000,4998.130000,1194084,20006.900000,1867144.000000,39999828.480000,disjoint_observed_amount_ranges
B,MXN,1034,989,55.060000,2678.790000,4999.900000,0,,,,no_transaction_currency
B,USD,1024,985,76.190000,2552.700000,4987.340000,2437234,5.000000,467.070000,9999.980000,overlapping_ranges_not_proof_of_linkage
B,,6401,183,82.700000,2731.380000,4961.640000,0,,,,missing_claim_currency
C,ARS,1003,935,59.670000,2572.660000,4995.150000,792338,1750.050000,163279.490000,3499939.110000,overlapping_ranges_not_proof_of_linkage
C,COP,976,934,51.430000,2321.365000,4990.620000,1194084,20006.900000,1867144.000000,39999828.480000,disjoint_observed_amount_ranges
C,MXN,1000,952,51.170000,2454.090000,4998.590000,0,,,,no_transaction_currency
C,USD,1070,1001,61.390000,2700.640000,4999.460000,2437234,5.000000,467.070000,9999.980000,overlapping_ranges_not_proof_of_linkage
C,,6324,211,60.090000,2524.490000,4952.210000,0,,,,missing_claim_currency
