cohort,days,eligible_complaints,zero_candidates,unique_candidate,multiple_candidates,candidate_count_mean,candidate_count_median,candidate_count_p90,candidate_count_p95,candidate_count_max,complete_window_complaints,boundary_censored_complaints
A,1,11571,10961,587,23,0.05479215279578256,0.0,0.0,1.0,3,11556,15
A,3,11571,9900,1497,174,0.16091954022988506,0.0,1.0,1.0,4,11516,55
A,7,11571,8194,2593,784,0.376371964393743,0.0,1.0,2.0,5,11423,148
A,14,11571,6042,3339,2190,0.764670296430732,0.0,2.0,3.0,8,11290,281
A,30,11571,3549,2958,5064,1.6450609281825253,1.0,4.0,5.0,15,10958,613
B,1,10477,9928,531,18,0.054213992555120744,0.0,0.0,1.0,3,10464,13
B,3,10477,8980,1345,152,0.15872864369571443,0.0,1.0,1.0,4,10427,50
B,7,10477,7440,2337,700,0.37243485730648085,0.0,1.0,2.0,5,10341,136
B,14,10477,5481,3018,1978,0.7611911806814928,0.0,2.0,3.0,8,10221,256
B,30,10477,3205,2687,4585,1.6411186408322993,1.0,4.0,5.0,15,9921,556
C,1,10373,9829,520,24,0.054757543622867055,0.0,0.0,1.0,2,10354,19
C,3,10373,8842,1374,157,0.1639834184903114,0.0,1.0,1.0,4,10323,50
C,7,10373,7251,2437,685,0.3816639352164273,0.0,1.0,2.0,5,10246,127
C,14,10373,5418,2966,1989,0.758893280632411,0.0,2.0,3.0,8,10126,247
C,30,10373,3264,2559,4550,1.6063819531475947,1.0,4.0,5.0,12,9802,571
