population,currency,is_fraud,records,mean,median,p75,p90,p95,p99,minimum,maximum
all_cutoff_transactions,ARS,False,791551,586311.2173285992,163283.070000,693012.655000,1791412.210000,2643262.100000,3326320.055000,1750.050000,3499939.110000
all_cutoff_transactions,ARS,True,787,584111.879656925,161173.890000,664946.710000,1885254.869999,2607117.400999,3373965.398599,1806.070000,3498771.630000
all_cutoff_transactions,COP,False,1192970,6697128.752798411,1867104.450000,7916655.102500,20418267.460000,30218740.352500,38028508.992300,20006.900000,39999828.480000
all_cutoff_transactions,COP,True,1114,6581971.061876122,1925248.990000,7806701.457500,19531406.200000,28757217.214999,38998237.968299,21546.590000,39963368.450000
all_cutoff_transactions,USD,False,2434820,1675.7354755423398,467.090000,1979.140000,5120.521000,7551.380499,9509.338100,5.000000,9999.980000
all_cutoff_transactions,USD,True,2414,1517.1294324772161,444.400000,1817.350000,4558.855000,6694.603499,9298.885899,5.230000,9926.700000
unique_candidates_plus_minus_30d,ARS,False,6544,572130.6086506724,162454.365000,675378.877500,1728888.782000,2590234.142000,3314880.563900,1876.430000,3499638.890000
unique_candidates_plus_minus_30d,ARS,True,7,375070.8642857143,127085.380000,483398.160000,908385.822000,1093156.190999,1240972.486199,10695.500000,1277926.560000
unique_candidates_plus_minus_30d,COP,False,9890,6638071.057573306,1856585.380000,7892641.940000,19936815.868000,30389339.024999,37727834.870500,21410.510000,39998261.190000
unique_candidates_plus_minus_30d,COP,True,6,2329809.553333333,1345271.555000,1828512.232500,5340504.855000,7048826.902500,8415484.540500,296426.060000,8757148.950000
unique_candidates_plus_minus_30d,USD,False,19117,1700.0526332583565,472.810000,1988.730000,5235.774000,7634.326000,9549.574400,5.020000,9997.260000
unique_candidates_plus_minus_30d,USD,True,19,956.6873684210526,444.240000,1118.755000,2407.235999,4232.378999,4505.395800,43.250000,4573.650000
