field,category,raw_value,records
priority,Branch,Critical,691
priority,Branch,High,2001
priority,Branch,Low,4046
priority,Branch,Medium,6623
priority,Fees,Critical,686
priority,Fees,High,1968
priority,Fees,Low,4136
priority,Fees,Medium,6763
priority,Service,Critical,652
priority,Service,High,1922
priority,Service,Low,4071
priority,Service,Medium,6549
priority,Technical,Critical,682
priority,Technical,High,1964
priority,Technical,Low,4016
priority,Technical,Medium,6745
priority,Transactions,Critical,644
priority,Transactions,High,2035
priority,Transactions,Low,4142
priority,Transactions,Medium,6759
resolution_satisfaction,Branch,1.0,105
resolution_satisfaction,Branch,2.0,100
resolution_satisfaction,Branch,3.0,97
resolution_satisfaction,Branch,4.0,104
resolution_satisfaction,Branch,5.0,116
resolution_satisfaction,Branch,,12839
resolution_satisfaction,Fees,1.0,98
resolution_satisfaction,Fees,2.0,84
resolution_satisfaction,Fees,3.0,103
resolution_satisfaction,Fees,4.0,92
resolution_satisfaction,Fees,5.0,86
resolution_satisfaction,Fees,,13090
resolution_satisfaction,Service,1.0,110
resolution_satisfaction,Service,2.0,82
resolution_satisfaction,Service,3.0,92
resolution_satisfaction,Service,4.0,98
resolution_satisfaction,Service,5.0,94
resolution_satisfaction,Service,,12718
resolution_satisfaction,Technical,1.0,92
resolution_satisfaction,Technical,2.0,107
resolution_satisfaction,Technical,3.0,118
resolution_satisfaction,Technical,4.0,72
resolution_satisfaction,Technical,5.0,115
resolution_satisfaction,Technical,,12903
resolution_satisfaction,Transactions,1.0,95
resolution_satisfaction,Transactions,2.0,99
resolution_satisfaction,Transactions,3.0,104
resolution_satisfaction,Transactions,4.0,106
resolution_satisfaction,Transactions,5.0,115
resolution_satisfaction,Transactions,,13061
sla_breached,Branch,False,10637
sla_breached,Branch,True,2724
sla_breached,Fees,False,10873
sla_breached,Fees,True,2680
sla_breached,Service,False,10523
sla_breached,Service,True,2671
sla_breached,Technical,False,10726
sla_breached,Technical,True,2681
sla_breached,Transactions,False,10841
sla_breached,Transactions,True,2739
status,Branch,Closed,551
status,Branch,Escalated,599
status,Branch,In Process,5360
status,Branch,Open,4021
status,Branch,Rejected,155
status,Branch,Resolved,2675
status,Fees,Closed,486
status,Fees,Escalated,700
status,Fees,In Process,5468
status,Fees,Open,4028
status,Fees,Rejected,133
status,Fees,Resolved,2738
status,Service,Closed,493
status,Service,Escalated,692
status,Service,In Process,5169
status,Service,Open,4039
status,Service,Rejected,152
status,Service,Resolved,2649
status,Technical,Closed,528
status,Technical,Escalated,653
status,Technical,In Process,5419
status,Technical,Open,3997
status,Technical,Rejected,140
status,Technical,Resolved,2670
status,Transactions,Closed,551
status,Transactions,Escalated,677
status,Transactions,In Process,5407
status,Transactions,Open,4040
status,Transactions,Rejected,125
status,Transactions,Resolved,2780
