dataset,columns,null_rows,distinct,duplicate_non_null_excess,candidate_key,scope
branches,branch_id,0,350,0,True,single_column
branches,branch_code,0,350,0,True,single_column
branches,address,0,350,0,True,single_column
branches,phone,0,350,0,True,single_column
branches,email,0,350,0,True,single_column
branches,latitude,0,350,0,True,single_column
branches,longitude,0,350,0,True,single_column
call_center_interactions,interaction_id,0,686296,0,True,single_column
call_center_interactions,customer_id,0,148443,537853,False,single_column
call_center_interactions,agent_id,0,1090,685206,False,single_column
call_transcripts,transcript_id,0,171321,0,True,single_column
call_transcripts,interaction_id,0,171321,0,True,single_column
call_transcripts,customer_id,0,101951,69370,False,single_column
call_transcripts,agent_id,0,1090,170231,False,single_column
campaign_sends,send_id,0,1746801,0,True,single_column
campaign_sends,campaign_id,0,175,1746626,False,single_column
campaign_sends,customer_id,0,150000,1596801,False,single_column
complaints,complaint_id,0,67095,0,True,single_column
complaints,customer_id,0,54145,12950,False,single_column
complaints,affected_product_id,22525,42184,2386,False,single_column
complaints,related_branch_id,47917,350,18828,False,single_column
complaints,origin_interaction_id,67095,0,0,False,single_column
complaints,assigned_agent_id,23115,1200,42780,False,single_column
customers,customer_id,0,150000,0,True,single_column
customers,document_number,0,150000,0,True,single_column
customers,registration_branch_id,0,150000,0,True,single_column
daily_exchange_rates,date + source_currency + target_currency,0,13164,0,True,composite_tested
digital_events,event_id,0,15620994,0,True,single_column
digital_events,customer_id,3745446,149997,11725551,False,single_column
digital_events,session_id,0,1837415,13783579,False,single_column
digital_events,element_id,2343244,12,13277738,False,single_column
digital_events,product_id,14180656,389087,1051251,False,single_column
marketing_campaigns,campaign_id,0,200,0,True,single_column
marketing_campaigns,campaign_name,0,200,0,True,single_column
products,product_id,0,400000,0,True,single_column
products,customer_id,0,139578,260422,False,single_column
products,opening_branch_id,0,350,399650,False,single_column
satisfaction_surveys,survey_id,0,212759,0,True,single_column
satisfaction_surveys,interaction_id,0,212759,0,True,single_column
satisfaction_surveys,customer_id,0,113640,99119,False,single_column
satisfaction_surveys,agent_id,0,1090,211669,False,single_column
service_agents,agent_id,0,1200,0,True,single_column
service_agents,assigned_branch_id,367,833,0,False,single_column
transactions,transaction_id,0,4425008,0,True,single_column
transactions,product_id,0,339963,4085045,False,single_column
transactions,customer_id,0,134515,4290493,False,single_column
transactions,branch_id,3037076,350,1387582,False,single_column
