dataset,column,physical_type,rows,nulls,null_pct,cardinality,whitespace_only,padded_values,possible_id,possible_date,unique_non_null
branches,branch_id,VARCHAR,350,0,0.0,350,0,0,True,False,True
branches,branch_code,VARCHAR,350,0,0.0,350,0,0,False,False,True
branches,branch_name,VARCHAR,350,0,0.0,175,0,0,False,False,False
branches,branch_type,VARCHAR,350,0,0.0,4,0,0,False,False,False
branches,address,VARCHAR,350,0,0.0,350,0,0,False,False,True
branches,city,VARCHAR,350,0,0.0,16,0,0,False,False,False
branches,state,VARCHAR,350,0,0.0,16,0,0,False,False,False
branches,country,VARCHAR,350,0,0.0,3,0,0,False,False,False
branches,postal_code,VARCHAR,350,0,0.0,105,0,0,False,False,False
branches,geographic_zone,VARCHAR,350,0,0.0,1,0,0,False,False,False
branches,phone,VARCHAR,350,0,0.0,350,0,0,False,False,True
branches,email,VARCHAR,350,0,0.0,350,0,0,False,False,True
branches,opening_time,VARCHAR,350,0,0.0,4,0,0,False,False,False
branches,closing_time,VARCHAR,350,0,0.0,5,0,0,False,False,False
branches,has_atms,VARCHAR,350,0,0.0,1,0,0,False,False,False
branches,atm_count,VARCHAR,350,0,0.0,7,0,0,False,False,False
branches,has_teller_windows,VARCHAR,350,0,0.0,1,0,0,False,False,False
branches,teller_window_count,VARCHAR,350,0,0.0,10,0,0,False,False,False
branches,latitude,VARCHAR,350,0,0.0,350,0,0,False,False,True
branches,longitude,VARCHAR,350,0,0.0,350,0,0,False,False,True
branches,branch_opening_date,VARCHAR,350,0,0.0,346,0,0,False,True,False
branches,branch_status,VARCHAR,350,0,0.0,2,0,0,False,False,False
call_center_interactions,interaction_id,VARCHAR,686296,0,0.0,686296,0,0,True,False,True
call_center_interactions,interaction_date,VARCHAR,686296,0,0.0,683625,0,0,False,True,False
call_center_interactions,process_date,VARCHAR,686296,0,0.0,1097,0,0,False,True,False
call_center_interactions,customer_id,VARCHAR,686296,0,0.0,148443,0,0,True,False,False
call_center_interactions,agent_id,VARCHAR,686296,0,0.0,1090,0,0,True,False,False
call_center_interactions,interaction_type,VARCHAR,686296,0,0.0,5,0,0,False,False,False
call_center_interactions,channel,VARCHAR,686296,0,0.0,6,0,0,False,False,False
call_center_interactions,contact_reason,VARCHAR,686296,0,0.0,6,0,0,False,False,False
call_center_interactions,reason_category,VARCHAR,686296,0,0.0,6,0,0,False,False,False
call_center_interactions,duration_seconds,VARCHAR,686296,96234,14.02222947532843,1049,0,0,False,False,False
call_center_interactions,wait_time_seconds,VARCHAR,686296,205618,29.9605418070337,370,0,0,False,False,False
call_center_interactions,was_resolved,VARCHAR,686296,0,0.0,2,0,0,False,False,False
call_center_interactions,requires_followup,VARCHAR,686296,0,0.0,2,0,0,False,False,False
call_center_interactions,detected_sentiment,VARCHAR,686296,0,0.0,5,0,0,False,False,False
call_center_interactions,sentiment_score,VARCHAR,686296,0,0.0,202,0,0,False,False,False
call_center_interactions,customer_detected_accent,VARCHAR,686296,204750,29.834065767540537,3,0,0,False,False,False
call_center_interactions,agent_used_accent,VARCHAR,686296,204750,29.834065767540537,3,0,0,False,False,False
call_center_interactions,was_escalated,VARCHAR,686296,0,0.0,2,0,0,False,False,False
call_center_interactions,mentioned_products,VARCHAR,686296,411955,60.02584890484572,274341,0,0,False,False,False
call_center_interactions,has_transcript,VARCHAR,686296,0,0.0,2,0,0,False,False,False
call_center_interactions,has_recording,VARCHAR,686296,0,0.0,2,0,0,False,False,False
call_transcripts,transcript_id,VARCHAR,171321,0,0.0,171321,0,0,True,False,True
call_transcripts,interaction_id,VARCHAR,171321,0,0.0,171321,0,0,True,False,True
call_transcripts,process_date,VARCHAR,171321,0,0.0,1097,0,0,False,True,False
call_transcripts,customer_id,VARCHAR,171321,0,0.0,101951,0,0,True,False,False
call_transcripts,agent_id,VARCHAR,171321,0,0.0,1090,0,0,True,False,False
call_transcripts,full_text,VARCHAR,171321,0,0.0,546,0,0,False,False,False
call_transcripts,customer_text,VARCHAR,171321,0,0.0,42,0,0,False,False,False
call_transcripts,agent_text,VARCHAR,171321,0,0.0,42,0,0,False,False,False
call_transcripts,detected_language,VARCHAR,171321,0,0.0,1,0,0,False,False,False
call_transcripts,detected_accent,VARCHAR,171321,63083,36.82152217182949,3,0,0,False,False,False
call_transcripts,accent_confidence,VARCHAR,171321,17141,10.005194926483036,25,0,0,False,False,False
call_transcripts,detected_keywords,VARCHAR,171321,8797,5.134805423736728,12,0,0,False,False,False
call_transcripts,mentioned_entities,VARCHAR,171321,17164,10.018620017394248,54,0,0,False,False,False
call_transcripts,detected_intents,VARCHAR,171321,8457,4.936347558092703,1,0,0,False,False,False
call_transcripts,main_topics,VARCHAR,171321,0,0.0,6,0,0,False,False,False
call_transcripts,transcription_model,VARCHAR,171321,0,0.0,4,0,0,False,False,False
call_transcripts,audio_quality,VARCHAR,171321,8638,5.0419971865679045,3,0,0,False,False,False
call_transcripts,duration_seconds,VARCHAR,171321,24029,14.025717804589046,973,0,0,False,False,False
campaign_sends,send_id,VARCHAR,1746801,0,0.0,1746801,0,0,True,False,True
campaign_sends,send_date,VARCHAR,1746801,0,0.0,1729711,0,0,False,True,False
campaign_sends,process_date,VARCHAR,1746801,0,0.0,1083,0,0,False,True,False
campaign_sends,campaign_id,VARCHAR,1746801,0,0.0,175,0,0,True,False,False
campaign_sends,customer_id,VARCHAR,1746801,0,0.0,150000,0,0,True,False,False
campaign_sends,send_channel,VARCHAR,1746801,0,0.0,5,0,0,False,False,False
campaign_sends,template_used,VARCHAR,1746801,175218,10.03079343325313,875,0,0,False,False,False
campaign_sends,subject,VARCHAR,1746801,1188342,68.02961527958823,8,0,0,False,False,False
campaign_sends,send_status,VARCHAR,1746801,0,0.0,4,0,0,False,False,False
campaign_sends,was_delivered,VARCHAR,1746801,0,0.0,2,0,0,False,False,False
campaign_sends,was_opened,VARCHAR,1746801,484229,27.720902380981006,2,0,0,False,False,False
campaign_sends,open_date,VARCHAR,1746801,1259492,72.10277530182316,485996,0,0,False,True,False
campaign_sends,was_clicked,VARCHAR,1746801,0,0.0,2,0,0,False,False,False
campaign_sends,click_date,VARCHAR,1746801,1649008,94.40159468651552,97749,0,0,False,True,False
campaign_sends,click_count,VARCHAR,1746801,1649008,94.40159468651552,5,0,0,False,False,False
campaign_sends,had_conversion,VARCHAR,1746801,0,0.0,2,0,0,False,False,False
campaign_sends,conversion_date,VARCHAR,1746801,1737002,99.43903169279156,9798,0,0,False,True,False
campaign_sends,conversion_value,VARCHAR,1746801,1737002,99.43903169279156,9709,0,0,False,False,False
campaign_sends,open_device,VARCHAR,1746801,1308424,74.9040102450136,3,0,0,False,False,False
campaign_sends,open_country,VARCHAR,1746801,1308278,74.89565210919847,3,0,0,False,False,False
campaign_sends,failure_reason,VARCHAR,1746801,1647204,94.29832018644368,3,0,0,False,False,False
campaign_sends,send_cost,VARCHAR,1746801,262083,15.003598005725895,2901,0,0,False,False,False
complaints,complaint_id,VARCHAR,67095,0,0.0,67095,0,0,True,False,True
complaints,creation_date,VARCHAR,67095,0,0.0,67074,0,0,False,True,False
complaints,process_date,VARCHAR,67095,0,0.0,1097,0,0,False,True,False
complaints,customer_id,VARCHAR,67095,0,0.0,54145,0,0,True,False,False
complaints,case_type,VARCHAR,67095,0,0.0,4,0,0,False,False,False
complaints,category,VARCHAR,67095,0,0.0,5,0,0,False,False,False
complaints,subcategory,VARCHAR,67095,6698,9.982860123705194,5,0,0,False,False,False
complaints,reception_channel,VARCHAR,67095,0,0.0,6,0,0,False,False,False
complaints,affected_product_id,VARCHAR,67095,22525,33.57180117743498,42184,0,0,True,False,False
complaints,related_branch_id,VARCHAR,67095,47917,71.41664803636634,350,0,0,True,False,False
complaints,origin_interaction_id,VARCHAR,67095,67095,100.0,0,0,0,True,False,False
complaints,description,VARCHAR,67095,0,0.0,5,0,0,False,False,False
complaints,claimed_amount,VARCHAR,67095,45344,67.58178701840674,21303,0,0,False,False,False
complaints,currency,VARCHAR,67095,45319,67.54452641776585,4,0,0,False,False,False
complaints,priority,VARCHAR,67095,0,0.0,4,0,0,False,False,False
complaints,status,VARCHAR,67095,0,0.0,6,0,0,False,False,False
complaints,assigned_agent_id,VARCHAR,67095,23115,34.451151352559805,1200,0,0,True,False,False
complaints,assignment_date,VARCHAR,67095,23128,34.47052686489306,43955,0,0,False,True,False
complaints,first_response_date,VARCHAR,67095,26242,39.11170728072136,40847,0,0,False,True,False
complaints,resolution_date,VARCHAR,67095,51746,77.12348163052388,15348,0,0,False,True,False
complaints,closing_date,VARCHAR,67095,64614,96.30225799239884,2480,0,0,False,True,False
complaints,sla_breached,VARCHAR,67095,0,0.0,2,0,0,False,False,False
complaints,resolution_days,VARCHAR,67095,51732,77.102615694165,30,0,0,False,False,False
complaints,resolution,VARCHAR,67095,51785,77.18160816752366,5,0,0,False,False,False
complaints,compensation_granted,VARCHAR,67095,62454,93.0829420970266,4436,0,0,False,False,False
complaints,resolution_satisfaction,VARCHAR,67095,64611,96.29778672032194,5,0,0,False,False,False
complaints,is_repeat_complainer,VARCHAR,67095,0,0.0,2,0,0,False,False,False
customers,customer_id,VARCHAR,150000,0,0.0,150000,0,0,True,False,True
customers,document_number,VARCHAR,150000,0,0.0,150000,0,0,False,False,True
customers,document_type,VARCHAR,150000,0,0.0,4,0,0,False,False,False
customers,first_name,VARCHAR,150000,0,0.0,7480,0,0,False,False,False
customers,last_name,VARCHAR,150000,0,0.0,3460,0,0,False,False,False
customers,date_of_birth,VARCHAR,150000,0,0.0,22956,0,0,False,True,False
customers,gender,VARCHAR,150000,0,0.0,3,0,0,False,False,False
customers,email,VARCHAR,150000,2984,1.9893333333333334,91289,0,0,False,False,False
customers,mobile_phone,VARCHAR,150000,4707,3.138,145285,0,0,False,False,False
customers,landline_phone,VARCHAR,150000,75053,50.035333333333334,74942,0,0,False,False,False
customers,address,VARCHAR,150000,7370,4.913333333333333,134009,0,0,False,False,False
customers,city,VARCHAR,150000,0,0.0,16,0,0,False,False,False
customers,state,VARCHAR,150000,0,0.0,16,0,0,False,False,False
customers,country,VARCHAR,150000,0,0.0,3,0,0,False,False,False
customers,postal_code,VARCHAR,150000,15044,10.029333333333334,8419,0,0,False,False,False
customers,detected_accent,VARCHAR,150000,44817,29.878,3,0,0,False,False,False
customers,segment,VARCHAR,150000,0,0.0,4,0,0,False,False,False
customers,credit_score,VARCHAR,150000,22492,14.994666666666667,400,0,0,False,False,False
customers,estimated_monthly_income,VARCHAR,150000,30033,20.022,119734,0,0,False,False,False
customers,occupation,VARCHAR,150000,15039,10.026,20,0,0,False,False,False
customers,marital_status,VARCHAR,150000,11955,7.97,4,0,0,False,False,False
customers,education_level,VARCHAR,150000,17952,11.968,5,0,0,False,False,False
customers,registration_date,VARCHAR,150000,0,0.0,149947,0,0,False,True,False
customers,registration_branch_id,VARCHAR,150000,0,0.0,150000,0,0,True,False,True
customers,customer_status,VARCHAR,150000,0,0.0,4,0,0,False,False,False
customers,last_updated,VARCHAR,150000,0,0.0,149961,0,0,False,True,False
customers,accepts_marketing,VARCHAR,150000,0,0.0,2,0,0,False,False,False
daily_exchange_rates,date,VARCHAR,13164,0,0.0,1097,0,0,False,True,False
daily_exchange_rates,source_currency,VARCHAR,13164,0,0.0,4,0,0,False,False,False
daily_exchange_rates,target_currency,VARCHAR,13164,0,0.0,4,0,0,False,False,False
daily_exchange_rates,exchange_rate,VARCHAR,13164,0,0.0,9520,0,0,False,False,False
daily_exchange_rates,buy_rate,VARCHAR,13164,0,0.0,9614,0,0,False,False,False
daily_exchange_rates,sell_rate,VARCHAR,13164,0,0.0,9636,0,0,False,False,False
daily_exchange_rates,source,VARCHAR,13164,0,0.0,4,0,0,False,False,False
digital_events,event_id,VARCHAR,15620994,0,0.0,15620994,0,0,True,False,True
digital_events,event_date,VARCHAR,15620994,0,0.0,14217807,0,0,False,True,False
digital_events,process_date,VARCHAR,15620994,0,0.0,1097,0,0,False,True,False
digital_events,customer_id,VARCHAR,15620994,3745446,23.97700171960888,149997,0,0,True,False,False
digital_events,session_id,VARCHAR,15620994,0,0.0,1837415,0,0,True,False,False
digital_events,event_type,VARCHAR,15620994,0,0.0,7,0,0,False,False,False
digital_events,event_category,VARCHAR,15620994,0,0.0,4,0,0,False,False,False
digital_events,channel,VARCHAR,15620994,0,0.0,4,0,0,False,False,False
digital_events,platform,VARCHAR,15620994,780527,4.9966538621037815,5,0,0,False,False,False
digital_events,browser,VARCHAR,15620994,9687736,62.017410671817686,5,0,0,False,False,False
digital_events,app_version,VARCHAR,15620994,6714416,42.983282625932766,500,0,0,False,False,False
digital_events,page_url,VARCHAR,15620994,780394,4.995802443813755,12,0,0,False,False,False
digital_events,page_title,VARCHAR,15620994,779824,4.992153508285068,12,0,0,False,False,False
digital_events,action,VARCHAR,15620994,1561432,9.995727544610798,10,0,0,False,False,False
digital_events,element_id,VARCHAR,15620994,2343244,15.00060751575732,12,0,0,True,False,False
digital_events,product_id,VARCHAR,15620994,14180656,90.77947280435548,389087,0,0,True,False,False
digital_events,event_value,VARCHAR,15620994,14826484,94.91383198790038,397337,0,0,False,False,False
digital_events,duration_seconds,VARCHAR,15620994,9946209,63.672062097968926,296,0,0,False,False,False
digital_events,ip_address,VARCHAR,15620994,780855,4.998753600443096,1836678,0,0,False,False,False
digital_events,ip_country,VARCHAR,15620994,0,0.0,4,0,0,False,False,False
digital_events,ip_city,VARCHAR,15620994,4370476,27.97821956784568,16,0,0,False,False,False
digital_events,is_mobile,VARCHAR,15620994,0,0.0,2,0,0,False,False,False
digital_events,referrer,VARCHAR,15620994,14573469,93.29412071984663,4,0,0,False,False,False
digital_events,utm_source,VARCHAR,15620994,14781949,94.62873489356696,4,0,0,False,False,False
digital_events,utm_medium,VARCHAR,15620994,14781860,94.62816514749318,4,0,0,False,False,False
digital_events,utm_campaign,VARCHAR,15620994,14782077,94.6295543036506,3,0,0,False,False,False
marketing_campaigns,campaign_id,VARCHAR,200,0,0.0,200,0,0,True,False,True
marketing_campaigns,campaign_name,VARCHAR,200,0,0.0,200,0,0,False,False,True
marketing_campaigns,description,VARCHAR,200,39,19.5,37,0,0,False,False,False
marketing_campaigns,campaign_type,VARCHAR,200,0,0.0,6,0,0,False,False,False
marketing_campaigns,campaign_objective,VARCHAR,200,0,0.0,5,0,0,False,False,False
marketing_campaigns,promoted_product,VARCHAR,200,22,11.0,7,0,0,False,False,False
marketing_campaigns,target_segment,VARCHAR,200,79,39.5,4,0,0,False,False,False
marketing_campaigns,target_country,VARCHAR,200,111,55.5,3,0,0,False,False,False
marketing_campaigns,start_date,VARCHAR,200,0,0.0,186,0,0,False,True,False
marketing_campaigns,end_date,VARCHAR,200,0,0.0,180,0,0,False,True,False
marketing_campaigns,budget,VARCHAR,200,31,15.5,169,0,0,False,False,False
marketing_campaigns,campaign_status,VARCHAR,200,0,0.0,3,0,0,False,False,False
marketing_campaigns,expected_conversion_rate,VARCHAR,200,14,7.0,176,0,0,False,False,False
products,product_id,VARCHAR,400000,0,0.0,400000,0,0,True,False,True
products,customer_id,VARCHAR,400000,0,0.0,139578,0,0,True,False,False
products,product_type,VARCHAR,400000,0,0.0,8,0,0,False,False,False
products,product_number,VARCHAR,400000,0,0.0,399994,0,0,False,False,False
products,currency,VARCHAR,400000,0,0.0,3,0,0,False,False,False
products,current_balance,VARCHAR,400000,0,0.0,359956,0,0,False,False,False
products,credit_limit,VARCHAR,400000,274683,68.67075,124986,0,0,False,False,False
products,interest_rate,VARCHAR,400000,40066,10.0165,4443,0,0,False,False,False
products,opening_date,VARCHAR,400000,0,0.0,2922,0,0,False,True,False
products,expiration_date,VARCHAR,400000,266839,66.70975,3652,0,0,False,True,False
products,opening_branch_id,VARCHAR,400000,0,0.0,350,0,0,True,False,False
products,product_status,VARCHAR,400000,0,0.0,4,0,0,False,False,False
products,opening_channel,VARCHAR,400000,0,0.0,4,0,0,False,False,False
products,has_linked_app,VARCHAR,400000,0,0.0,2,0,0,False,False,False
products,days_past_due,VARCHAR,400000,274650,68.6625,7,0,0,False,False,False
products,last_transaction_date,VARCHAR,400000,94277,23.56925,305391,0,0,False,True,False
products,last_updated,VARCHAR,400000,0,0.0,399686,0,0,False,True,False
satisfaction_surveys,survey_id,VARCHAR,212759,0,0.0,212759,0,0,True,False,True
satisfaction_surveys,survey_date,VARCHAR,212759,0,0.0,212505,0,0,False,True,False
satisfaction_surveys,process_date,VARCHAR,212759,0,0.0,1097,0,0,False,True,False
satisfaction_surveys,interaction_id,VARCHAR,212759,0,0.0,212759,0,0,True,False,True
satisfaction_surveys,customer_id,VARCHAR,212759,0,0.0,113640,0,0,True,False,False
satisfaction_surveys,agent_id,VARCHAR,212759,0,0.0,1090,0,0,True,False,False
satisfaction_surveys,survey_type,VARCHAR,212759,0,0.0,3,0,0,False,False,False
satisfaction_surveys,send_channel,VARCHAR,212759,0,0.0,5,0,0,False,False,False
satisfaction_surveys,main_score,VARCHAR,212759,0,0.0,7,0,0,False,False,False
satisfaction_surveys,nps_category,VARCHAR,212759,152365,71.61389177426102,2,0,0,False,False,False
satisfaction_surveys,question_1_text,VARCHAR,212759,91456,42.985725633228206,3,0,0,False,False,False
satisfaction_surveys,question_1_response,VARCHAR,212759,91389,42.954234603471534,5,0,0,False,False,False
satisfaction_surveys,question_2_text,VARCHAR,212759,131388,61.75437936820534,1,0,0,False,False,False
satisfaction_surveys,question_2_response,VARCHAR,212759,131263,61.695627447017515,5,0,0,False,False,False
satisfaction_surveys,question_3_text,VARCHAR,212759,172615,81.13170300668831,1,0,0,False,False,False
satisfaction_surveys,question_3_response,VARCHAR,212759,172656,81.15097363683792,5,0,0,False,False,False
satisfaction_surveys,open_comments,VARCHAR,212759,111563,52.436324667816635,13,0,0,False,False,False
satisfaction_surveys,comment_sentiment,VARCHAR,212759,111502,52.407653730276984,3,0,0,False,False,False
satisfaction_surveys,response_time_hours,VARCHAR,212759,0,0.0,3473,0,0,False,False,False
satisfaction_surveys,campaign_response_rate,VARCHAR,212759,32037,15.057882392754243,3001,0,0,False,False,False
service_agents,agent_id,VARCHAR,1200,0,0.0,1200,0,0,True,False,True
service_agents,employee_code,VARCHAR,1200,0,0.0,1187,0,0,False,False,False
service_agents,first_name,VARCHAR,1200,0,0.0,444,0,0,False,False,False
service_agents,last_name,VARCHAR,1200,0,0.0,975,0,0,False,False,False
service_agents,email,VARCHAR,1200,0,0.0,1188,0,0,False,False,False
service_agents,phone,VARCHAR,1200,69,5.75,1131,0,0,False,False,False
service_agents,native_accent,VARCHAR,1200,0,0.0,3,0,0,False,False,False
service_agents,country_of_origin,VARCHAR,1200,0,0.0,3,0,0,False,False,False
service_agents,assigned_branch_id,VARCHAR,1200,367,30.583333333333332,833,0,0,True,False,False
service_agents,agent_type,VARCHAR,1200,0,0.0,4,0,0,False,False,False
service_agents,experience_level,VARCHAR,1200,0,0.0,4,0,0,False,False,False
service_agents,languages,VARCHAR,1200,0,0.0,4,0,0,False,False,False
service_agents,specialty,VARCHAR,1200,476,39.666666666666664,8,0,0,False,False,False
service_agents,hire_date,VARCHAR,1200,0,0.0,1055,0,0,False,True,False
service_agents,avg_csat,VARCHAR,1200,134,11.166666666666666,149,0,0,False,False,False
service_agents,total_monthly_interactions,VARCHAR,1200,111,9.25,559,0,0,False,False,False
service_agents,agent_status,VARCHAR,1200,0,0.0,4,0,0,False,False,False
service_agents,work_shift,VARCHAR,1200,0,0.0,4,0,0,False,False,False
transactions,transaction_id,VARCHAR,4425008,0,0.0,4425008,0,0,True,False,True
transactions,transaction_date,VARCHAR,4425008,0,0.0,4318242,0,0,False,True,False
transactions,process_date,VARCHAR,4425008,0,0.0,1097,0,0,False,True,False
transactions,product_id,VARCHAR,4425008,0,0.0,339963,0,0,True,False,False
transactions,customer_id,VARCHAR,4425008,0,0.0,134515,0,0,True,False,False
transactions,transaction_type,VARCHAR,4425008,0,0.0,6,0,0,False,False,False
transactions,transaction_category,VARCHAR,4425008,2693520,60.870398426398324,6,0,0,False,False,False
transactions,amount,VARCHAR,4425008,0,0.0,2570875,0,0,False,False,False
transactions,currency,VARCHAR,4425008,0,0.0,3,0,0,False,False,False
transactions,amount_usd,VARCHAR,4425008,2537456,57.343534746151875,528859,0,0,False,False,False
transactions,channel,VARCHAR,4425008,0,0.0,6,0,0,False,False,False
transactions,branch_id,VARCHAR,4425008,3037076,68.63436179098433,350,0,0,True,False,False
transactions,merchant_name,VARCHAR,4425008,3395774,76.74051662731458,24,0,0,False,False,False
transactions,merchant_category,VARCHAR,4425008,3396215,76.7504827109917,6,0,0,False,False,False
transactions,transaction_country,VARCHAR,4425008,0,0.0,7,0,0,False,False,False
transactions,transaction_city,VARCHAR,4425008,442611,10.002490390977824,28,0,0,False,False,False
transactions,transaction_status,VARCHAR,4425008,0,0.0,4,0,0,False,False,False
transactions,response_code,VARCHAR,4425008,221033,4.9950870145319515,5,0,0,False,False,False
transactions,is_fraud,VARCHAR,4425008,0,0.0,2,0,0,False,False,False
transactions,fraud_score,VARCHAR,4425008,885157,20.003511858057657,5014,0,0,False,False,False
transactions,latitude,VARCHAR,4425008,3567680,80.62539095974516,850555,0,0,False,False,False
transactions,longitude,VARCHAR,4425008,3567715,80.62618191876716,850492,0,0,False,False,False
