case_type,category,subcategory,records,pct_of_complaints,claimed_amount_present_count,claimed_amount_present_pct
Claim,Branch,Atención en sucursal,2989,4.454877412623891,1111,37.16962194713951
Claim,Branch,,366,0.5454951933825173,150,40.98360655737705
Claim,Fees,Cobro indebido,3026,4.510023101572397,1172,38.730998017184405
Claim,Fees,,331,0.49333035248528206,121,36.5558912386707
Claim,Service,Calidad de servicio,2906,4.331172218496162,1104,37.99036476256022
Claim,Service,,333,0.49631120053655264,103,30.93093093093093
Claim,Technical,Problema con app,3006,4.480214621059692,1168,38.85562208915503
Claim,Technical,,306,0.45606975184439974,114,37.254901960784316
Claim,Transactions,Cargo no reconocido,3014,4.492138013264774,1187,39.3828798938288
Claim,Transactions,,321,0.4784261122289291,121,37.69470404984423
Complaint,Branch,Atención en sucursal,7084,10.558163797600418,2624,37.041219649915305
Complaint,Branch,,885,1.3190252626872345,338,38.19209039548023
Complaint,Fees,Cobro indebido,7352,10.957597436470676,2863,38.9417845484222
Complaint,Fees,,819,1.2206572769953052,301,36.75213675213675
Complaint,Service,Calidad de servicio,7174,10.692301959907594,2712,37.803178143295234
Complaint,Service,,779,1.1610403159698934,300,38.510911424903725
Complaint,Technical,Problema con app,7343,10.944183620239958,2755,37.51872531662808
Complaint,Technical,,777,1.158059467918623,315,40.54054054054054
Complaint,Transactions,Cargo no reconocido,7466,11.1275057753931,2903,38.88293597642647
Complaint,Transactions,,773,1.1520977718160816,289,37.386804657179816
Request,Branch,Atención en sucursal,1221,1.819807735300693,0,0.0
Request,Branch,,151,0.2250540278709293,0,0.0
Request,Fees,Cobro indebido,1230,1.8332215515314108,0,0.0
Request,Fees,,137,0.20418809151203518,0,0.0
Request,Service,Calidad de servicio,1221,1.819807735300693,0,0.0
Request,Service,,137,0.20418809151203518,0,0.0
Request,Technical,Problema con app,1200,1.7885088307623518,0,0.0
Request,Technical,,135,0.2012072434607646,0,0.0
Request,Transactions,Cargo no reconocido,1214,1.809374767121246,0,0.0
Request,Transactions,,115,0.17139876294805872,0,0.0
Suggestion,Branch,Atención en sucursal,598,0.8912735673299054,0,0.0
Suggestion,Branch,,67,0.09985840971756464,0,0.0
Suggestion,Fees,Cobro indebido,586,0.8733884790222819,0,0.0
Suggestion,Fees,,72,0.10731052984574112,0,0.0
Suggestion,Service,Calidad de servicio,585,0.8718980549966465,0,0.0
Suggestion,Service,,59,0.0879350175124823,0,0.0
Suggestion,Technical,Problema con app,579,0.8629555108428348,0,0.0
Suggestion,Technical,,61,0.09091586556375289,0,0.0
Suggestion,Transactions,Cargo no reconocido,603,0.8987256874580818,0,0.0
Suggestion,Transactions,,74,0.1102913778970117,0,0.0
