case_type,category,records,pct_of_complaints,claimed_amount_present_count,claimed_amount_present_pct
Claim,Branch,3355,5.000372606006409,1261,37.58569299552906
Claim,Fees,3357,5.003353454057679,1293,38.51653261840929
Claim,Service,3239,4.827483419032715,1207,37.264587835751776
Claim,Technical,3312,4.936284372904091,1282,38.707729468599034
Claim,Transactions,3335,4.970564125493703,1308,39.220389805097454
Complaint,Branch,7969,11.877189060287652,2962,37.169029991215965
Complaint,Fees,8171,12.17825471346598,3164,38.72231061069637
Complaint,Service,7953,11.853342275877488,3012,37.872500943040365
Complaint,Technical,8120,12.10224308815858,3070,37.80788177339902
Complaint,Transactions,8239,12.279603547209181,3192,38.74256584536958
Request,Branch,1372,2.0448617631716224,0,0.0
Request,Fees,1367,2.037409643043446,0,0.0
Request,Service,1358,2.0239958268127283,0,0.0
Request,Technical,1335,1.9897160742231166,0,0.0
Request,Transactions,1329,1.9807735300693048,0,0.0
Suggestion,Branch,665,0.99113197704747,0,0.0
Suggestion,Fees,658,0.980699008868023,0,0.0
Suggestion,Service,644,0.9598330725091289,0,0.0
Suggestion,Technical,640,0.9538713764065877,0,0.0
Suggestion,Transactions,677,1.0090170653550936,0,0.0
