scope,dimension,group_value,field,records,present_count,valid_count,null_count,blank_count,invalid_nonnull_count,coverage_pct,present_pct,validity_rule
all,overall,ALL,status,67095,67095,67095,0,0,0,100.0,100.0,"(""status"" IS NOT NULL AND trim(""status"")<>'')"
all,overall,ALL,resolution,67095,15310,15310,51785,0,0,22.81839183247634,22.81839183247634,"(""resolution"" IS NOT NULL AND trim(""resolution"")<>'')"
all,overall,ALL,resolution_date,67095,15349,15349,51746,0,0,22.876518369476116,22.876518369476116,"try_cast(""resolution_date"" AS TIMESTAMP) IS NOT NULL"
all,overall,ALL,closing_date,67095,2481,2481,64614,0,0,3.6977420076011627,3.6977420076011627,"try_cast(""closing_date"" AS TIMESTAMP) IS NOT NULL"
all,overall,ALL,compensation_granted,67095,4641,4641,62454,0,0,6.917057902973396,6.917057902973396,"(try_cast(""compensation_granted"" AS DOUBLE) IS NOT NULL AND isfinite(try_cast(""compensation_granted"" AS DOUBLE)))"
all,overall,ALL,resolution_satisfaction,67095,2484,2484,64611,0,0,3.7022132796780682,3.7022132796780682,"(try_cast(""resolution_satisfaction"" AS DOUBLE) IS NOT NULL AND isfinite(try_cast(""resolution_satisfaction"" AS DOUBLE)))"
all,overall,ALL,sla_breached,67095,67095,67095,0,0,0,100.0,100.0,"(CASE lower(trim(""sla_breached"")) WHEN 'true' THEN true WHEN 'false' THEN false ELSE NULL END) IS NOT NULL"
all,overall,ALL,resolution_days,67095,15363,15363,51732,0,0,22.89738430583501,22.89738430583501,"(try_cast(""resolution_days"" AS DOUBLE) IS NOT NULL AND isfinite(try_cast(""resolution_days"" AS DOUBLE)))"
all,overall,ALL,priority,67095,67095,67095,0,0,0,100.0,100.0,"(""priority"" IS NOT NULL AND trim(""priority"")<>'')"
all,status,Closed,status,2609,2609,2609,0,0,0,100.0,100.0,"(""status"" IS NOT NULL AND trim(""status"")<>'')"
all,status,Closed,resolution,2609,2477,2477,132,0,0,94.94059026446915,94.94059026446915,"(""resolution"" IS NOT NULL AND trim(""resolution"")<>'')"
all,status,Closed,resolution_date,2609,2469,2469,140,0,0,94.63395937140668,94.63395937140668,"try_cast(""resolution_date"" AS TIMESTAMP) IS NOT NULL"
all,status,Closed,closing_date,2609,2481,2481,128,0,0,95.09390571100039,95.09390571100039,"try_cast(""closing_date"" AS TIMESTAMP) IS NOT NULL"
all,status,Closed,compensation_granted,2609,767,767,1842,0,0,29.39823687236489,29.39823687236489,"(try_cast(""compensation_granted"" AS DOUBLE) IS NOT NULL AND isfinite(try_cast(""compensation_granted"" AS DOUBLE)))"
all,status,Closed,resolution_satisfaction,2609,2484,2484,125,0,0,95.2088922958988,95.2088922958988,"(try_cast(""resolution_satisfaction"" AS DOUBLE) IS NOT NULL AND isfinite(try_cast(""resolution_satisfaction"" AS DOUBLE)))"
all,status,Closed,sla_breached,2609,2609,2609,0,0,0,100.0,100.0,"(CASE lower(trim(""sla_breached"")) WHEN 'true' THEN true WHEN 'false' THEN false ELSE NULL END) IS NOT NULL"
all,status,Closed,resolution_days,2609,2492,2492,117,0,0,95.51552318896128,95.51552318896128,"(try_cast(""resolution_days"" AS DOUBLE) IS NOT NULL AND isfinite(try_cast(""resolution_days"" AS DOUBLE)))"
all,status,Closed,priority,2609,2609,2609,0,0,0,100.0,100.0,"(""priority"" IS NOT NULL AND trim(""priority"")<>'')"
all,status,Escalated,status,3321,3321,3321,0,0,0,100.0,100.0,"(""status"" IS NOT NULL AND trim(""status"")<>'')"
all,status,Escalated,resolution,3321,0,0,3321,0,0,0.0,0.0,"(""resolution"" IS NOT NULL AND trim(""resolution"")<>'')"
all,status,Escalated,resolution_date,3321,0,0,3321,0,0,0.0,0.0,"try_cast(""resolution_date"" AS TIMESTAMP) IS NOT NULL"
all,status,Escalated,closing_date,3321,0,0,3321,0,0,0.0,0.0,"try_cast(""closing_date"" AS TIMESTAMP) IS NOT NULL"
all,status,Escalated,compensation_granted,3321,0,0,3321,0,0,0.0,0.0,"(try_cast(""compensation_granted"" AS DOUBLE) IS NOT NULL AND isfinite(try_cast(""compensation_granted"" AS DOUBLE)))"
all,status,Escalated,resolution_satisfaction,3321,0,0,3321,0,0,0.0,0.0,"(try_cast(""resolution_satisfaction"" AS DOUBLE) IS NOT NULL AND isfinite(try_cast(""resolution_satisfaction"" AS DOUBLE)))"
all,status,Escalated,sla_breached,3321,3321,3321,0,0,0,100.0,100.0,"(CASE lower(trim(""sla_breached"")) WHEN 'true' THEN true WHEN 'false' THEN false ELSE NULL END) IS NOT NULL"
all,status,Escalated,resolution_days,3321,0,0,3321,0,0,0.0,0.0,"(try_cast(""resolution_days"" AS DOUBLE) IS NOT NULL AND isfinite(try_cast(""resolution_days"" AS DOUBLE)))"
all,status,Escalated,priority,3321,3321,3321,0,0,0,100.0,100.0,"(""priority"" IS NOT NULL AND trim(""priority"")<>'')"
all,status,In Process,status,26823,26823,26823,0,0,0,100.0,100.0,"(""status"" IS NOT NULL AND trim(""status"")<>'')"
all,status,In Process,resolution,26823,0,0,26823,0,0,0.0,0.0,"(""resolution"" IS NOT NULL AND trim(""resolution"")<>'')"
all,status,In Process,resolution_date,26823,0,0,26823,0,0,0.0,0.0,"try_cast(""resolution_date"" AS TIMESTAMP) IS NOT NULL"
all,status,In Process,closing_date,26823,0,0,26823,0,0,0.0,0.0,"try_cast(""closing_date"" AS TIMESTAMP) IS NOT NULL"
all,status,In Process,compensation_granted,26823,0,0,26823,0,0,0.0,0.0,"(try_cast(""compensation_granted"" AS DOUBLE) IS NOT NULL AND isfinite(try_cast(""compensation_granted"" AS DOUBLE)))"
all,status,In Process,resolution_satisfaction,26823,0,0,26823,0,0,0.0,0.0,"(try_cast(""resolution_satisfaction"" AS DOUBLE) IS NOT NULL AND isfinite(try_cast(""resolution_satisfaction"" AS DOUBLE)))"
all,status,In Process,sla_breached,26823,26823,26823,0,0,0,100.0,100.0,"(CASE lower(trim(""sla_breached"")) WHEN 'true' THEN true WHEN 'false' THEN false ELSE NULL END) IS NOT NULL"
all,status,In Process,resolution_days,26823,0,0,26823,0,0,0.0,0.0,"(try_cast(""resolution_days"" AS DOUBLE) IS NOT NULL AND isfinite(try_cast(""resolution_days"" AS DOUBLE)))"
all,status,In Process,priority,26823,26823,26823,0,0,0,100.0,100.0,"(""priority"" IS NOT NULL AND trim(""priority"")<>'')"
all,status,Open,status,20125,20125,20125,0,0,0,100.0,100.0,"(""status"" IS NOT NULL AND trim(""status"")<>'')"
all,status,Open,resolution,20125,0,0,20125,0,0,0.0,0.0,"(""resolution"" IS NOT NULL AND trim(""resolution"")<>'')"
all,status,Open,resolution_date,20125,0,0,20125,0,0,0.0,0.0,"try_cast(""resolution_date"" AS TIMESTAMP) IS NOT NULL"
all,status,Open,closing_date,20125,0,0,20125,0,0,0.0,0.0,"try_cast(""closing_date"" AS TIMESTAMP) IS NOT NULL"
all,status,Open,compensation_granted,20125,0,0,20125,0,0,0.0,0.0,"(try_cast(""compensation_granted"" AS DOUBLE) IS NOT NULL AND isfinite(try_cast(""compensation_granted"" AS DOUBLE)))"
all,status,Open,resolution_satisfaction,20125,0,0,20125,0,0,0.0,0.0,"(try_cast(""resolution_satisfaction"" AS DOUBLE) IS NOT NULL AND isfinite(try_cast(""resolution_satisfaction"" AS DOUBLE)))"
all,status,Open,sla_breached,20125,20125,20125,0,0,0,100.0,100.0,"(CASE lower(trim(""sla_breached"")) WHEN 'true' THEN true WHEN 'false' THEN false ELSE NULL END) IS NOT NULL"
all,status,Open,resolution_days,20125,0,0,20125,0,0,0.0,0.0,"(try_cast(""resolution_days"" AS DOUBLE) IS NOT NULL AND isfinite(try_cast(""resolution_days"" AS DOUBLE)))"
all,status,Open,priority,20125,20125,20125,0,0,0,100.0,100.0,"(""priority"" IS NOT NULL AND trim(""priority"")<>'')"
all,status,Rejected,status,705,705,705,0,0,0,100.0,100.0,"(""status"" IS NOT NULL AND trim(""status"")<>'')"
all,status,Rejected,resolution,705,0,0,705,0,0,0.0,0.0,"(""resolution"" IS NOT NULL AND trim(""resolution"")<>'')"
all,status,Rejected,resolution_date,705,0,0,705,0,0,0.0,0.0,"try_cast(""resolution_date"" AS TIMESTAMP) IS NOT NULL"
all,status,Rejected,closing_date,705,0,0,705,0,0,0.0,0.0,"try_cast(""closing_date"" AS TIMESTAMP) IS NOT NULL"
all,status,Rejected,compensation_granted,705,0,0,705,0,0,0.0,0.0,"(try_cast(""compensation_granted"" AS DOUBLE) IS NOT NULL AND isfinite(try_cast(""compensation_granted"" AS DOUBLE)))"
all,status,Rejected,resolution_satisfaction,705,0,0,705,0,0,0.0,0.0,"(try_cast(""resolution_satisfaction"" AS DOUBLE) IS NOT NULL AND isfinite(try_cast(""resolution_satisfaction"" AS DOUBLE)))"
all,status,Rejected,sla_breached,705,705,705,0,0,0,100.0,100.0,"(CASE lower(trim(""sla_breached"")) WHEN 'true' THEN true WHEN 'false' THEN false ELSE NULL END) IS NOT NULL"
all,status,Rejected,resolution_days,705,0,0,705,0,0,0.0,0.0,"(try_cast(""resolution_days"" AS DOUBLE) IS NOT NULL AND isfinite(try_cast(""resolution_days"" AS DOUBLE)))"
all,status,Rejected,priority,705,705,705,0,0,0,100.0,100.0,"(""priority"" IS NOT NULL AND trim(""priority"")<>'')"
all,status,Resolved,status,13512,13512,13512,0,0,0,100.0,100.0,"(""status"" IS NOT NULL AND trim(""status"")<>'')"
all,status,Resolved,resolution,13512,12833,12833,679,0,0,94.97483718176436,94.97483718176436,"(""resolution"" IS NOT NULL AND trim(""resolution"")<>'')"
all,status,Resolved,resolution_date,13512,12880,12880,632,0,0,95.32267613972765,95.32267613972765,"try_cast(""resolution_date"" AS TIMESTAMP) IS NOT NULL"
all,status,Resolved,closing_date,13512,0,0,13512,0,0,0.0,0.0,"try_cast(""closing_date"" AS TIMESTAMP) IS NOT NULL"
all,status,Resolved,compensation_granted,13512,3874,3874,9638,0,0,28.670811130846655,28.670811130846655,"(try_cast(""compensation_granted"" AS DOUBLE) IS NOT NULL AND isfinite(try_cast(""compensation_granted"" AS DOUBLE)))"
all,status,Resolved,resolution_satisfaction,13512,0,0,13512,0,0,0.0,0.0,"(try_cast(""resolution_satisfaction"" AS DOUBLE) IS NOT NULL AND isfinite(try_cast(""resolution_satisfaction"" AS DOUBLE)))"
all,status,Resolved,sla_breached,13512,13512,13512,0,0,0,100.0,100.0,"(CASE lower(trim(""sla_breached"")) WHEN 'true' THEN true WHEN 'false' THEN false ELSE NULL END) IS NOT NULL"
all,status,Resolved,resolution_days,13512,12871,12871,641,0,0,95.25606867969212,95.25606867969212,"(try_cast(""resolution_days"" AS DOUBLE) IS NOT NULL AND isfinite(try_cast(""resolution_days"" AS DOUBLE)))"
all,status,Resolved,priority,13512,13512,13512,0,0,0,100.0,100.0,"(""priority"" IS NOT NULL AND trim(""priority"")<>'')"
all,case_type,Claim,status,16598,16598,16598,0,0,0,100.0,100.0,"(""status"" IS NOT NULL AND trim(""status"")<>'')"
all,case_type,Claim,resolution,16598,3804,3804,12794,0,0,22.91842390649476,22.91842390649476,"(""resolution"" IS NOT NULL AND trim(""resolution"")<>'')"
all,case_type,Claim,resolution_date,16598,3825,3825,12773,0,0,23.044945174117363,23.044945174117363,"try_cast(""resolution_date"" AS TIMESTAMP) IS NOT NULL"
all,case_type,Claim,closing_date,16598,618,618,15980,0,0,3.7233401614652366,3.7233401614652366,"try_cast(""closing_date"" AS TIMESTAMP) IS NOT NULL"
all,case_type,Claim,compensation_granted,16598,1133,1133,15465,0,0,6.826123629352934,6.826123629352934,"(try_cast(""compensation_granted"" AS DOUBLE) IS NOT NULL AND isfinite(try_cast(""compensation_granted"" AS DOUBLE)))"
all,case_type,Claim,resolution_satisfaction,16598,619,619,15979,0,0,3.72936498373298,3.72936498373298,"(try_cast(""resolution_satisfaction"" AS DOUBLE) IS NOT NULL AND isfinite(try_cast(""resolution_satisfaction"" AS DOUBLE)))"
all,case_type,Claim,sla_breached,16598,16598,16598,0,0,0,100.0,100.0,"(CASE lower(trim(""sla_breached"")) WHEN 'true' THEN true WHEN 'false' THEN false ELSE NULL END) IS NOT NULL"
all,case_type,Claim,resolution_days,16598,3824,3824,12774,0,0,23.03892035184962,23.03892035184962,"(try_cast(""resolution_days"" AS DOUBLE) IS NOT NULL AND isfinite(try_cast(""resolution_days"" AS DOUBLE)))"
all,case_type,Claim,priority,16598,16598,16598,0,0,0,100.0,100.0,"(""priority"" IS NOT NULL AND trim(""priority"")<>'')"
all,case_type,Complaint,status,40452,40452,40452,0,0,0,100.0,100.0,"(""status"" IS NOT NULL AND trim(""status"")<>'')"
all,case_type,Complaint,resolution,40452,9218,9218,31234,0,0,22.787501236032828,22.787501236032828,"(""resolution"" IS NOT NULL AND trim(""resolution"")<>'')"
all,case_type,Complaint,resolution_date,40452,9236,9236,31216,0,0,22.83199841787798,22.83199841787798,"try_cast(""resolution_date"" AS TIMESTAMP) IS NOT NULL"
all,case_type,Complaint,closing_date,40452,1467,1467,38985,0,0,3.626520320379709,3.626520320379709,"try_cast(""closing_date"" AS TIMESTAMP) IS NOT NULL"
all,case_type,Complaint,compensation_granted,40452,2822,2822,37630,0,0,6.976169287056265,6.976169287056265,"(try_cast(""compensation_granted"" AS DOUBLE) IS NOT NULL AND isfinite(try_cast(""compensation_granted"" AS DOUBLE)))"
all,case_type,Complaint,resolution_satisfaction,40452,1462,1462,38990,0,0,3.61415999208939,3.61415999208939,"(try_cast(""resolution_satisfaction"" AS DOUBLE) IS NOT NULL AND isfinite(try_cast(""resolution_satisfaction"" AS DOUBLE)))"
all,case_type,Complaint,sla_breached,40452,40452,40452,0,0,0,100.0,100.0,"(CASE lower(trim(""sla_breached"")) WHEN 'true' THEN true WHEN 'false' THEN false ELSE NULL END) IS NOT NULL"
all,case_type,Complaint,resolution_days,40452,9239,9239,31213,0,0,22.83941461485217,22.83941461485217,"(try_cast(""resolution_days"" AS DOUBLE) IS NOT NULL AND isfinite(try_cast(""resolution_days"" AS DOUBLE)))"
all,case_type,Complaint,priority,40452,40452,40452,0,0,0,100.0,100.0,"(""priority"" IS NOT NULL AND trim(""priority"")<>'')"
all,case_type,Request,status,6761,6761,6761,0,0,0,100.0,100.0,"(""status"" IS NOT NULL AND trim(""status"")<>'')"
all,case_type,Request,resolution,6761,1558,1558,5203,0,0,23.043928412956664,23.043928412956664,"(""resolution"" IS NOT NULL AND trim(""resolution"")<>'')"
all,case_type,Request,resolution_date,6761,1547,1547,5214,0,0,22.881230587191244,22.881230587191244,"try_cast(""resolution_date"" AS TIMESTAMP) IS NOT NULL"
all,case_type,Request,closing_date,6761,261,261,6500,0,0,3.8603756840704038,3.8603756840704038,"try_cast(""closing_date"" AS TIMESTAMP) IS NOT NULL"
all,case_type,Request,compensation_granted,6761,449,449,6312,0,0,6.641029433515752,6.641029433515752,"(try_cast(""compensation_granted"" AS DOUBLE) IS NOT NULL AND isfinite(try_cast(""compensation_granted"" AS DOUBLE)))"
all,case_type,Request,resolution_satisfaction,6761,263,263,6498,0,0,3.8899571069368437,3.8899571069368437,"(try_cast(""resolution_satisfaction"" AS DOUBLE) IS NOT NULL AND isfinite(try_cast(""resolution_satisfaction"" AS DOUBLE)))"
all,case_type,Request,sla_breached,6761,6761,6761,0,0,0,100.0,100.0,"(CASE lower(trim(""sla_breached"")) WHEN 'true' THEN true WHEN 'false' THEN false ELSE NULL END) IS NOT NULL"
all,case_type,Request,resolution_days,6761,1565,1565,5196,0,0,23.147463392989202,23.147463392989202,"(try_cast(""resolution_days"" AS DOUBLE) IS NOT NULL AND isfinite(try_cast(""resolution_days"" AS DOUBLE)))"
all,case_type,Request,priority,6761,6761,6761,0,0,0,100.0,100.0,"(""priority"" IS NOT NULL AND trim(""priority"")<>'')"
all,case_type,Suggestion,status,3284,3284,3284,0,0,0,100.0,100.0,"(""status"" IS NOT NULL AND trim(""status"")<>'')"
all,case_type,Suggestion,resolution,3284,730,730,2554,0,0,22.22898903775883,22.22898903775883,"(""resolution"" IS NOT NULL AND trim(""resolution"")<>'')"
all,case_type,Suggestion,resolution_date,3284,741,741,2543,0,0,22.56394640682095,22.56394640682095,"try_cast(""resolution_date"" AS TIMESTAMP) IS NOT NULL"
all,case_type,Suggestion,closing_date,3284,135,135,3149,0,0,4.110840438489647,4.110840438489647,"try_cast(""closing_date"" AS TIMESTAMP) IS NOT NULL"
all,case_type,Suggestion,compensation_granted,3284,237,237,3047,0,0,7.2168087697929355,7.2168087697929355,"(try_cast(""compensation_granted"" AS DOUBLE) IS NOT NULL AND isfinite(try_cast(""compensation_granted"" AS DOUBLE)))"
all,case_type,Suggestion,resolution_satisfaction,3284,140,140,3144,0,0,4.263093788063338,4.263093788063338,"(try_cast(""resolution_satisfaction"" AS DOUBLE) IS NOT NULL AND isfinite(try_cast(""resolution_satisfaction"" AS DOUBLE)))"
all,case_type,Suggestion,sla_breached,3284,3284,3284,0,0,0,100.0,100.0,"(CASE lower(trim(""sla_breached"")) WHEN 'true' THEN true WHEN 'false' THEN false ELSE NULL END) IS NOT NULL"
all,case_type,Suggestion,resolution_days,3284,735,735,2549,0,0,22.38124238733252,22.38124238733252,"(try_cast(""resolution_days"" AS DOUBLE) IS NOT NULL AND isfinite(try_cast(""resolution_days"" AS DOUBLE)))"
all,case_type,Suggestion,priority,3284,3284,3284,0,0,0,100.0,100.0,"(""priority"" IS NOT NULL AND trim(""priority"")<>'')"
all,category,Branch,status,13361,13361,13361,0,0,0,100.0,100.0,"(""status"" IS NOT NULL AND trim(""status"")<>'')"
all,category,Branch,resolution,13361,3076,3076,10285,0,0,23.0222288750842,23.0222288750842,"(""resolution"" IS NOT NULL AND trim(""resolution"")<>'')"
all,category,Branch,resolution_date,13361,3075,3075,10286,0,0,23.01474440535888,23.01474440535888,"try_cast(""resolution_date"" AS TIMESTAMP) IS NOT NULL"
all,category,Branch,closing_date,13361,518,518,12843,0,0,3.8769553177157396,3.8769553177157396,"try_cast(""closing_date"" AS TIMESTAMP) IS NOT NULL"
all,category,Branch,compensation_granted,13361,935,935,12426,0,0,6.997979193174164,6.997979193174164,"(try_cast(""compensation_granted"" AS DOUBLE) IS NOT NULL AND isfinite(try_cast(""compensation_granted"" AS DOUBLE)))"
all,category,Branch,resolution_satisfaction,13361,522,522,12839,0,0,3.9068931966170197,3.9068931966170197,"(try_cast(""resolution_satisfaction"" AS DOUBLE) IS NOT NULL AND isfinite(try_cast(""resolution_satisfaction"" AS DOUBLE)))"
all,category,Branch,sla_breached,13361,13361,13361,0,0,0,100.0,100.0,"(CASE lower(trim(""sla_breached"")) WHEN 'true' THEN true WHEN 'false' THEN false ELSE NULL END) IS NOT NULL"
all,category,Branch,resolution_days,13361,3073,3073,10288,0,0,22.99977546590824,22.99977546590824,"(try_cast(""resolution_days"" AS DOUBLE) IS NOT NULL AND isfinite(try_cast(""resolution_days"" AS DOUBLE)))"
all,category,Branch,priority,13361,13361,13361,0,0,0,100.0,100.0,"(""priority"" IS NOT NULL AND trim(""priority"")<>'')"
all,category,Fees,status,13553,13553,13553,0,0,0,100.0,100.0,"(""status"" IS NOT NULL AND trim(""status"")<>'')"
all,category,Fees,resolution,13553,3057,3057,10496,0,0,22.555891684497897,22.555891684497897,"(""resolution"" IS NOT NULL AND trim(""resolution"")<>'')"
all,category,Fees,resolution_date,13553,3068,3068,10485,0,0,22.63705452667306,22.63705452667306,"try_cast(""resolution_date"" AS TIMESTAMP) IS NOT NULL"
all,category,Fees,closing_date,13553,469,469,13084,0,0,3.4604884527410906,3.4604884527410906,"try_cast(""closing_date"" AS TIMESTAMP) IS NOT NULL"
all,category,Fees,compensation_granted,13553,945,945,12608,0,0,6.972625986866376,6.972625986866376,"(try_cast(""compensation_granted"" AS DOUBLE) IS NOT NULL AND isfinite(try_cast(""compensation_granted"" AS DOUBLE)))"
all,category,Fees,resolution_satisfaction,13553,463,463,13090,0,0,3.4162178115546373,3.4162178115546373,"(try_cast(""resolution_satisfaction"" AS DOUBLE) IS NOT NULL AND isfinite(try_cast(""resolution_satisfaction"" AS DOUBLE)))"
all,category,Fees,sla_breached,13553,13553,13553,0,0,0,100.0,100.0,"(CASE lower(trim(""sla_breached"")) WHEN 'true' THEN true WHEN 'false' THEN false ELSE NULL END) IS NOT NULL"
all,category,Fees,resolution_days,13553,3077,3077,10476,0,0,22.70346048845274,22.70346048845274,"(try_cast(""resolution_days"" AS DOUBLE) IS NOT NULL AND isfinite(try_cast(""resolution_days"" AS DOUBLE)))"
all,category,Fees,priority,13553,13553,13553,0,0,0,100.0,100.0,"(""priority"" IS NOT NULL AND trim(""priority"")<>'')"
all,category,Service,status,13194,13194,13194,0,0,0,100.0,100.0,"(""status"" IS NOT NULL AND trim(""status"")<>'')"
all,category,Service,resolution,13194,2976,2976,10218,0,0,22.555707139608913,22.555707139608913,"(""resolution"" IS NOT NULL AND trim(""resolution"")<>'')"
all,category,Service,resolution_date,13194,2998,2998,10196,0,0,22.72244959830226,22.72244959830226,"try_cast(""resolution_date"" AS TIMESTAMP) IS NOT NULL"
all,category,Service,closing_date,13194,468,468,12726,0,0,3.5470668485675305,3.5470668485675305,"try_cast(""closing_date"" AS TIMESTAMP) IS NOT NULL"
all,category,Service,compensation_granted,13194,872,872,12322,0,0,6.609064726390784,6.609064726390784,"(try_cast(""compensation_granted"" AS DOUBLE) IS NOT NULL AND isfinite(try_cast(""compensation_granted"" AS DOUBLE)))"
all,category,Service,resolution_satisfaction,13194,476,476,12718,0,0,3.6077004699105655,3.6077004699105655,"(try_cast(""resolution_satisfaction"" AS DOUBLE) IS NOT NULL AND isfinite(try_cast(""resolution_satisfaction"" AS DOUBLE)))"
all,category,Service,sla_breached,13194,13194,13194,0,0,0,100.0,100.0,"(CASE lower(trim(""sla_breached"")) WHEN 'true' THEN true WHEN 'false' THEN false ELSE NULL END) IS NOT NULL"
all,category,Service,resolution_days,13194,3001,3001,10193,0,0,22.745187206305896,22.745187206305896,"(try_cast(""resolution_days"" AS DOUBLE) IS NOT NULL AND isfinite(try_cast(""resolution_days"" AS DOUBLE)))"
all,category,Service,priority,13194,13194,13194,0,0,0,100.0,100.0,"(""priority"" IS NOT NULL AND trim(""priority"")<>'')"
all,category,Technical,status,13407,13407,13407,0,0,0,100.0,100.0,"(""status"" IS NOT NULL AND trim(""status"")<>'')"
all,category,Technical,resolution,13407,3035,3035,10372,0,0,22.637428209144478,22.637428209144478,"(""resolution"" IS NOT NULL AND trim(""resolution"")<>'')"
all,category,Technical,resolution_date,13407,3039,3039,10368,0,0,22.667263369881404,22.667263369881404,"try_cast(""resolution_date"" AS TIMESTAMP) IS NOT NULL"
all,category,Technical,closing_date,13407,503,503,12904,0,0,3.751771462668755,3.751771462668755,"try_cast(""closing_date"" AS TIMESTAMP) IS NOT NULL"
all,category,Technical,compensation_granted,13407,894,894,12513,0,0,6.668158424703513,6.668158424703513,"(try_cast(""compensation_granted"" AS DOUBLE) IS NOT NULL AND isfinite(try_cast(""compensation_granted"" AS DOUBLE)))"
all,category,Technical,resolution_satisfaction,13407,504,504,12903,0,0,3.759230252852987,3.759230252852987,"(try_cast(""resolution_satisfaction"" AS DOUBLE) IS NOT NULL AND isfinite(try_cast(""resolution_satisfaction"" AS DOUBLE)))"
all,category,Technical,sla_breached,13407,13407,13407,0,0,0,100.0,100.0,"(CASE lower(trim(""sla_breached"")) WHEN 'true' THEN true WHEN 'false' THEN false ELSE NULL END) IS NOT NULL"
all,category,Technical,resolution_days,13407,3047,3047,10360,0,0,22.726933691355264,22.726933691355264,"(try_cast(""resolution_days"" AS DOUBLE) IS NOT NULL AND isfinite(try_cast(""resolution_days"" AS DOUBLE)))"
all,category,Technical,priority,13407,13407,13407,0,0,0,100.0,100.0,"(""priority"" IS NOT NULL AND trim(""priority"")<>'')"
all,category,Transactions,status,13580,13580,13580,0,0,0,100.0,100.0,"(""status"" IS NOT NULL AND trim(""status"")<>'')"
all,category,Transactions,resolution,13580,3166,3166,10414,0,0,23.313696612665684,23.313696612665684,"(""resolution"" IS NOT NULL AND trim(""resolution"")<>'')"
all,category,Transactions,resolution_date,13580,3169,3169,10411,0,0,23.335787923416788,23.335787923416788,"try_cast(""resolution_date"" AS TIMESTAMP) IS NOT NULL"
all,category,Transactions,closing_date,13580,523,523,13057,0,0,3.8512518409425627,3.8512518409425627,"try_cast(""closing_date"" AS TIMESTAMP) IS NOT NULL"
all,category,Transactions,compensation_granted,13580,995,995,12585,0,0,7.326951399116347,7.326951399116347,"(try_cast(""compensation_granted"" AS DOUBLE) IS NOT NULL AND isfinite(try_cast(""compensation_granted"" AS DOUBLE)))"
all,category,Transactions,resolution_satisfaction,13580,519,519,13061,0,0,3.82179675994109,3.82179675994109,"(try_cast(""resolution_satisfaction"" AS DOUBLE) IS NOT NULL AND isfinite(try_cast(""resolution_satisfaction"" AS DOUBLE)))"
all,category,Transactions,sla_breached,13580,13580,13580,0,0,0,100.0,100.0,"(CASE lower(trim(""sla_breached"")) WHEN 'true' THEN true WHEN 'false' THEN false ELSE NULL END) IS NOT NULL"
all,category,Transactions,resolution_days,13580,3165,3165,10415,0,0,23.306332842415316,23.306332842415316,"(try_cast(""resolution_days"" AS DOUBLE) IS NOT NULL AND isfinite(try_cast(""resolution_days"" AS DOUBLE)))"
all,category,Transactions,priority,13580,13580,13580,0,0,0,100.0,100.0,"(""priority"" IS NOT NULL AND trim(""priority"")<>'')"
all,subcategory,Atención en sucursal,status,11892,11892,11892,0,0,0,100.0,100.0,"(""status"" IS NOT NULL AND trim(""status"")<>'')"
all,subcategory,Atención en sucursal,resolution,11892,2723,2723,9169,0,0,22.89774638412378,22.89774638412378,"(""resolution"" IS NOT NULL AND trim(""resolution"")<>'')"
all,subcategory,Atención en sucursal,resolution_date,11892,2722,2722,9170,0,0,22.889337369660275,22.889337369660275,"try_cast(""resolution_date"" AS TIMESTAMP) IS NOT NULL"
all,subcategory,Atención en sucursal,closing_date,11892,460,460,11432,0,0,3.8681466532122437,3.8681466532122437,"try_cast(""closing_date"" AS TIMESTAMP) IS NOT NULL"
all,subcategory,Atención en sucursal,compensation_granted,11892,833,833,11059,0,0,7.004709048099563,7.004709048099563,"(try_cast(""compensation_granted"" AS DOUBLE) IS NOT NULL AND isfinite(try_cast(""compensation_granted"" AS DOUBLE)))"
all,subcategory,Atención en sucursal,resolution_satisfaction,11892,467,467,11425,0,0,3.9270097544567775,3.9270097544567775,"(try_cast(""resolution_satisfaction"" AS DOUBLE) IS NOT NULL AND isfinite(try_cast(""resolution_satisfaction"" AS DOUBLE)))"
all,subcategory,Atención en sucursal,sla_breached,11892,11892,11892,0,0,0,100.0,100.0,"(CASE lower(trim(""sla_breached"")) WHEN 'true' THEN true WHEN 'false' THEN false ELSE NULL END) IS NOT NULL"
all,subcategory,Atención en sucursal,resolution_days,11892,2726,2726,9166,0,0,22.922973427514297,22.922973427514297,"(try_cast(""resolution_days"" AS DOUBLE) IS NOT NULL AND isfinite(try_cast(""resolution_days"" AS DOUBLE)))"
all,subcategory,Atención en sucursal,priority,11892,11892,11892,0,0,0,100.0,100.0,"(""priority"" IS NOT NULL AND trim(""priority"")<>'')"
all,subcategory,Calidad de servicio,status,11886,11886,11886,0,0,0,100.0,100.0,"(""status"" IS NOT NULL AND trim(""status"")<>'')"
all,subcategory,Calidad de servicio,resolution,11886,2670,2670,9216,0,0,22.463402322059565,22.463402322059565,"(""resolution"" IS NOT NULL AND trim(""resolution"")<>'')"
all,subcategory,Calidad de servicio,resolution_date,11886,2697,2697,9189,0,0,22.690560323069157,22.690560323069157,"try_cast(""resolution_date"" AS TIMESTAMP) IS NOT NULL"
all,subcategory,Calidad de servicio,closing_date,11886,419,419,11467,0,0,3.525155645296988,3.525155645296988,"try_cast(""closing_date"" AS TIMESTAMP) IS NOT NULL"
all,subcategory,Calidad de servicio,compensation_granted,11886,798,798,11088,0,0,6.713780918727915,6.713780918727915,"(try_cast(""compensation_granted"" AS DOUBLE) IS NOT NULL AND isfinite(try_cast(""compensation_granted"" AS DOUBLE)))"
all,subcategory,Calidad de servicio,resolution_satisfaction,11886,430,430,11456,0,0,3.6177014975601547,3.6177014975601547,"(try_cast(""resolution_satisfaction"" AS DOUBLE) IS NOT NULL AND isfinite(try_cast(""resolution_satisfaction"" AS DOUBLE)))"
all,subcategory,Calidad de servicio,sla_breached,11886,11886,11886,0,0,0,100.0,100.0,"(CASE lower(trim(""sla_breached"")) WHEN 'true' THEN true WHEN 'false' THEN false ELSE NULL END) IS NOT NULL"
all,subcategory,Calidad de servicio,resolution_days,11886,2696,2696,9190,0,0,22.682147063772504,22.682147063772504,"(try_cast(""resolution_days"" AS DOUBLE) IS NOT NULL AND isfinite(try_cast(""resolution_days"" AS DOUBLE)))"
all,subcategory,Calidad de servicio,priority,11886,11886,11886,0,0,0,100.0,100.0,"(""priority"" IS NOT NULL AND trim(""priority"")<>'')"
all,subcategory,Cargo no reconocido,status,12297,12297,12297,0,0,0,100.0,100.0,"(""status"" IS NOT NULL AND trim(""status"")<>'')"
all,subcategory,Cargo no reconocido,resolution,12297,2858,2858,9439,0,0,23.241441001870374,23.241441001870374,"(""resolution"" IS NOT NULL AND trim(""resolution"")<>'')"
all,subcategory,Cargo no reconocido,resolution_date,12297,2869,2869,9428,0,0,23.330893713913962,23.330893713913962,"try_cast(""resolution_date"" AS TIMESTAMP) IS NOT NULL"
all,subcategory,Cargo no reconocido,closing_date,12297,475,475,11822,0,0,3.862730747336749,3.862730747336749,"try_cast(""closing_date"" AS TIMESTAMP) IS NOT NULL"
all,subcategory,Cargo no reconocido,compensation_granted,12297,909,909,11388,0,0,7.392046840692852,7.392046840692852,"(try_cast(""compensation_granted"" AS DOUBLE) IS NOT NULL AND isfinite(try_cast(""compensation_granted"" AS DOUBLE)))"
all,subcategory,Cargo no reconocido,resolution_satisfaction,12297,471,471,11826,0,0,3.8302024884118078,3.8302024884118078,"(try_cast(""resolution_satisfaction"" AS DOUBLE) IS NOT NULL AND isfinite(try_cast(""resolution_satisfaction"" AS DOUBLE)))"
all,subcategory,Cargo no reconocido,sla_breached,12297,12297,12297,0,0,0,100.0,100.0,"(CASE lower(trim(""sla_breached"")) WHEN 'true' THEN true WHEN 'false' THEN false ELSE NULL END) IS NOT NULL"
all,subcategory,Cargo no reconocido,resolution_days,12297,2862,2862,9435,0,0,23.273969260795315,23.273969260795315,"(try_cast(""resolution_days"" AS DOUBLE) IS NOT NULL AND isfinite(try_cast(""resolution_days"" AS DOUBLE)))"
all,subcategory,Cargo no reconocido,priority,12297,12297,12297,0,0,0,100.0,100.0,"(""priority"" IS NOT NULL AND trim(""priority"")<>'')"
all,subcategory,Cobro indebido,status,12194,12194,12194,0,0,0,100.0,100.0,"(""status"" IS NOT NULL AND trim(""status"")<>'')"
all,subcategory,Cobro indebido,resolution,12194,2737,2737,9457,0,0,22.445464982778415,22.445464982778415,"(""resolution"" IS NOT NULL AND trim(""resolution"")<>'')"
all,subcategory,Cobro indebido,resolution_date,12194,2746,2746,9448,0,0,22.519271773003116,22.519271773003116,"try_cast(""resolution_date"" AS TIMESTAMP) IS NOT NULL"
all,subcategory,Cobro indebido,closing_date,12194,421,421,11773,0,0,3.452517631622109,3.452517631622109,"try_cast(""closing_date"" AS TIMESTAMP) IS NOT NULL"
all,subcategory,Cobro indebido,compensation_granted,12194,842,842,11352,0,0,6.905035263244218,6.905035263244218,"(try_cast(""compensation_granted"" AS DOUBLE) IS NOT NULL AND isfinite(try_cast(""compensation_granted"" AS DOUBLE)))"
all,subcategory,Cobro indebido,resolution_satisfaction,12194,415,415,11779,0,0,3.403313104805642,3.403313104805642,"(try_cast(""resolution_satisfaction"" AS DOUBLE) IS NOT NULL AND isfinite(try_cast(""resolution_satisfaction"" AS DOUBLE)))"
all,subcategory,Cobro indebido,sla_breached,12194,12194,12194,0,0,0,100.0,100.0,"(CASE lower(trim(""sla_breached"")) WHEN 'true' THEN true WHEN 'false' THEN false ELSE NULL END) IS NOT NULL"
all,subcategory,Cobro indebido,resolution_days,12194,2761,2761,9433,0,0,22.642283090044284,22.642283090044284,"(try_cast(""resolution_days"" AS DOUBLE) IS NOT NULL AND isfinite(try_cast(""resolution_days"" AS DOUBLE)))"
all,subcategory,Cobro indebido,priority,12194,12194,12194,0,0,0,100.0,100.0,"(""priority"" IS NOT NULL AND trim(""priority"")<>'')"
all,subcategory,Problema con app,status,12128,12128,12128,0,0,0,100.0,100.0,"(""status"" IS NOT NULL AND trim(""status"")<>'')"
all,subcategory,Problema con app,resolution,12128,2735,2735,9393,0,0,22.551121372031663,22.551121372031663,"(""resolution"" IS NOT NULL AND trim(""resolution"")<>'')"
all,subcategory,Problema con app,resolution_date,12128,2744,2744,9384,0,0,22.62532981530343,22.62532981530343,"try_cast(""resolution_date"" AS TIMESTAMP) IS NOT NULL"
all,subcategory,Problema con app,closing_date,12128,445,445,11683,0,0,3.6691952506596306,3.6691952506596306,"try_cast(""closing_date"" AS TIMESTAMP) IS NOT NULL"
all,subcategory,Problema con app,compensation_granted,12128,814,814,11314,0,0,6.711741424802111,6.711741424802111,"(try_cast(""compensation_granted"" AS DOUBLE) IS NOT NULL AND isfinite(try_cast(""compensation_granted"" AS DOUBLE)))"
all,subcategory,Problema con app,resolution_satisfaction,12128,449,449,11679,0,0,3.7021767810026387,3.7021767810026387,"(try_cast(""resolution_satisfaction"" AS DOUBLE) IS NOT NULL AND isfinite(try_cast(""resolution_satisfaction"" AS DOUBLE)))"
all,subcategory,Problema con app,sla_breached,12128,12128,12128,0,0,0,100.0,100.0,"(CASE lower(trim(""sla_breached"")) WHEN 'true' THEN true WHEN 'false' THEN false ELSE NULL END) IS NOT NULL"
all,subcategory,Problema con app,resolution_days,12128,2756,2756,9372,0,0,22.724274406332455,22.724274406332455,"(try_cast(""resolution_days"" AS DOUBLE) IS NOT NULL AND isfinite(try_cast(""resolution_days"" AS DOUBLE)))"
all,subcategory,Problema con app,priority,12128,12128,12128,0,0,0,100.0,100.0,"(""priority"" IS NOT NULL AND trim(""priority"")<>'')"
all,subcategory,,status,6698,6698,6698,0,0,0,100.0,100.0,"(""status"" IS NOT NULL AND trim(""status"")<>'')"
all,subcategory,,resolution,6698,1587,1587,5111,0,0,23.693639892505225,23.693639892505225,"(""resolution"" IS NOT NULL AND trim(""resolution"")<>'')"
all,subcategory,,resolution_date,6698,1571,1571,5127,0,0,23.45476261570618,23.45476261570618,"try_cast(""resolution_date"" AS TIMESTAMP) IS NOT NULL"
all,subcategory,,closing_date,6698,261,261,6437,0,0,3.8966855777844134,3.8966855777844134,"try_cast(""closing_date"" AS TIMESTAMP) IS NOT NULL"
all,subcategory,,compensation_granted,6698,445,445,6253,0,0,6.643774260973425,6.643774260973425,"(try_cast(""compensation_granted"" AS DOUBLE) IS NOT NULL AND isfinite(try_cast(""compensation_granted"" AS DOUBLE)))"
all,subcategory,,resolution_satisfaction,6698,252,252,6446,0,0,3.762317109584951,3.762317109584951,"(try_cast(""resolution_satisfaction"" AS DOUBLE) IS NOT NULL AND isfinite(try_cast(""resolution_satisfaction"" AS DOUBLE)))"
all,subcategory,,sla_breached,6698,6698,6698,0,0,0,100.0,100.0,"(CASE lower(trim(""sla_breached"")) WHEN 'true' THEN true WHEN 'false' THEN false ELSE NULL END) IS NOT NULL"
all,subcategory,,resolution_days,6698,1562,1562,5136,0,0,23.32039414750672,23.32039414750672,"(try_cast(""resolution_days"" AS DOUBLE) IS NOT NULL AND isfinite(try_cast(""resolution_days"" AS DOUBLE)))"
all,subcategory,,priority,6698,6698,6698,0,0,0,100.0,100.0,"(""priority"" IS NOT NULL AND trim(""priority"")<>'')"
exploratory_Transactions_or_Fees,overall,ALL,status,27133,27133,27133,0,0,0,100.0,100.0,"(""status"" IS NOT NULL AND trim(""status"")<>'')"
exploratory_Transactions_or_Fees,overall,ALL,resolution,27133,6223,6223,20910,0,0,22.93517119374931,22.93517119374931,"(""resolution"" IS NOT NULL AND trim(""resolution"")<>'')"
exploratory_Transactions_or_Fees,overall,ALL,resolution_date,27133,6237,6237,20896,0,0,22.98676887922456,22.98676887922456,"try_cast(""resolution_date"" AS TIMESTAMP) IS NOT NULL"
exploratory_Transactions_or_Fees,overall,ALL,closing_date,27133,992,992,26141,0,0,3.6560645708178234,3.6560645708178234,"try_cast(""closing_date"" AS TIMESTAMP) IS NOT NULL"
exploratory_Transactions_or_Fees,overall,ALL,compensation_granted,27133,1940,1940,25193,0,0,7.149964987284856,7.149964987284856,"(try_cast(""compensation_granted"" AS DOUBLE) IS NOT NULL AND isfinite(try_cast(""compensation_granted"" AS DOUBLE)))"
exploratory_Transactions_or_Fees,overall,ALL,resolution_satisfaction,27133,982,982,26151,0,0,3.619209081192644,3.619209081192644,"(try_cast(""resolution_satisfaction"" AS DOUBLE) IS NOT NULL AND isfinite(try_cast(""resolution_satisfaction"" AS DOUBLE)))"
exploratory_Transactions_or_Fees,overall,ALL,sla_breached,27133,27133,27133,0,0,0,100.0,100.0,"(CASE lower(trim(""sla_breached"")) WHEN 'true' THEN true WHEN 'false' THEN false ELSE NULL END) IS NOT NULL"
exploratory_Transactions_or_Fees,overall,ALL,resolution_days,27133,6242,6242,20891,0,0,23.00519662403715,23.00519662403715,"(try_cast(""resolution_days"" AS DOUBLE) IS NOT NULL AND isfinite(try_cast(""resolution_days"" AS DOUBLE)))"
exploratory_Transactions_or_Fees,overall,ALL,priority,27133,27133,27133,0,0,0,100.0,100.0,"(""priority"" IS NOT NULL AND trim(""priority"")<>'')"
exploratory_Transactions_or_Fees,status,Closed,status,1037,1037,1037,0,0,0,100.0,100.0,"(""status"" IS NOT NULL AND trim(""status"")<>'')"
exploratory_Transactions_or_Fees,status,Closed,resolution,1037,988,988,49,0,0,95.274831243973,95.274831243973,"(""resolution"" IS NOT NULL AND trim(""resolution"")<>'')"
exploratory_Transactions_or_Fees,status,Closed,resolution_date,1037,973,973,64,0,0,93.82835101253616,93.82835101253616,"try_cast(""resolution_date"" AS TIMESTAMP) IS NOT NULL"
exploratory_Transactions_or_Fees,status,Closed,closing_date,1037,992,992,45,0,0,95.66055930568949,95.66055930568949,"try_cast(""closing_date"" AS TIMESTAMP) IS NOT NULL"
exploratory_Transactions_or_Fees,status,Closed,compensation_granted,1037,304,304,733,0,0,29.315332690453232,29.315332690453232,"(try_cast(""compensation_granted"" AS DOUBLE) IS NOT NULL AND isfinite(try_cast(""compensation_granted"" AS DOUBLE)))"
exploratory_Transactions_or_Fees,status,Closed,resolution_satisfaction,1037,982,982,55,0,0,94.69623915139826,94.69623915139826,"(try_cast(""resolution_satisfaction"" AS DOUBLE) IS NOT NULL AND isfinite(try_cast(""resolution_satisfaction"" AS DOUBLE)))"
exploratory_Transactions_or_Fees,status,Closed,sla_breached,1037,1037,1037,0,0,0,100.0,100.0,"(CASE lower(trim(""sla_breached"")) WHEN 'true' THEN true WHEN 'false' THEN false ELSE NULL END) IS NOT NULL"
exploratory_Transactions_or_Fees,status,Closed,resolution_days,1037,994,994,43,0,0,95.85342333654773,95.85342333654773,"(try_cast(""resolution_days"" AS DOUBLE) IS NOT NULL AND isfinite(try_cast(""resolution_days"" AS DOUBLE)))"
exploratory_Transactions_or_Fees,status,Closed,priority,1037,1037,1037,0,0,0,100.0,100.0,"(""priority"" IS NOT NULL AND trim(""priority"")<>'')"
exploratory_Transactions_or_Fees,status,Escalated,status,1377,1377,1377,0,0,0,100.0,100.0,"(""status"" IS NOT NULL AND trim(""status"")<>'')"
exploratory_Transactions_or_Fees,status,Escalated,resolution,1377,0,0,1377,0,0,0.0,0.0,"(""resolution"" IS NOT NULL AND trim(""resolution"")<>'')"
exploratory_Transactions_or_Fees,status,Escalated,resolution_date,1377,0,0,1377,0,0,0.0,0.0,"try_cast(""resolution_date"" AS TIMESTAMP) IS NOT NULL"
exploratory_Transactions_or_Fees,status,Escalated,closing_date,1377,0,0,1377,0,0,0.0,0.0,"try_cast(""closing_date"" AS TIMESTAMP) IS NOT NULL"
exploratory_Transactions_or_Fees,status,Escalated,compensation_granted,1377,0,0,1377,0,0,0.0,0.0,"(try_cast(""compensation_granted"" AS DOUBLE) IS NOT NULL AND isfinite(try_cast(""compensation_granted"" AS DOUBLE)))"
exploratory_Transactions_or_Fees,status,Escalated,resolution_satisfaction,1377,0,0,1377,0,0,0.0,0.0,"(try_cast(""resolution_satisfaction"" AS DOUBLE) IS NOT NULL AND isfinite(try_cast(""resolution_satisfaction"" AS DOUBLE)))"
exploratory_Transactions_or_Fees,status,Escalated,sla_breached,1377,1377,1377,0,0,0,100.0,100.0,"(CASE lower(trim(""sla_breached"")) WHEN 'true' THEN true WHEN 'false' THEN false ELSE NULL END) IS NOT NULL"
exploratory_Transactions_or_Fees,status,Escalated,resolution_days,1377,0,0,1377,0,0,0.0,0.0,"(try_cast(""resolution_days"" AS DOUBLE) IS NOT NULL AND isfinite(try_cast(""resolution_days"" AS DOUBLE)))"
exploratory_Transactions_or_Fees,status,Escalated,priority,1377,1377,1377,0,0,0,100.0,100.0,"(""priority"" IS NOT NULL AND trim(""priority"")<>'')"
exploratory_Transactions_or_Fees,status,In Process,status,10875,10875,10875,0,0,0,100.0,100.0,"(""status"" IS NOT NULL AND trim(""status"")<>'')"
exploratory_Transactions_or_Fees,status,In Process,resolution,10875,0,0,10875,0,0,0.0,0.0,"(""resolution"" IS NOT NULL AND trim(""resolution"")<>'')"
exploratory_Transactions_or_Fees,status,In Process,resolution_date,10875,0,0,10875,0,0,0.0,0.0,"try_cast(""resolution_date"" AS TIMESTAMP) IS NOT NULL"
exploratory_Transactions_or_Fees,status,In Process,closing_date,10875,0,0,10875,0,0,0.0,0.0,"try_cast(""closing_date"" AS TIMESTAMP) IS NOT NULL"
exploratory_Transactions_or_Fees,status,In Process,compensation_granted,10875,0,0,10875,0,0,0.0,0.0,"(try_cast(""compensation_granted"" AS DOUBLE) IS NOT NULL AND isfinite(try_cast(""compensation_granted"" AS DOUBLE)))"
exploratory_Transactions_or_Fees,status,In Process,resolution_satisfaction,10875,0,0,10875,0,0,0.0,0.0,"(try_cast(""resolution_satisfaction"" AS DOUBLE) IS NOT NULL AND isfinite(try_cast(""resolution_satisfaction"" AS DOUBLE)))"
exploratory_Transactions_or_Fees,status,In Process,sla_breached,10875,10875,10875,0,0,0,100.0,100.0,"(CASE lower(trim(""sla_breached"")) WHEN 'true' THEN true WHEN 'false' THEN false ELSE NULL END) IS NOT NULL"
exploratory_Transactions_or_Fees,status,In Process,resolution_days,10875,0,0,10875,0,0,0.0,0.0,"(try_cast(""resolution_days"" AS DOUBLE) IS NOT NULL AND isfinite(try_cast(""resolution_days"" AS DOUBLE)))"
exploratory_Transactions_or_Fees,status,In Process,priority,10875,10875,10875,0,0,0,100.0,100.0,"(""priority"" IS NOT NULL AND trim(""priority"")<>'')"
exploratory_Transactions_or_Fees,status,Open,status,8068,8068,8068,0,0,0,100.0,100.0,"(""status"" IS NOT NULL AND trim(""status"")<>'')"
exploratory_Transactions_or_Fees,status,Open,resolution,8068,0,0,8068,0,0,0.0,0.0,"(""resolution"" IS NOT NULL AND trim(""resolution"")<>'')"
exploratory_Transactions_or_Fees,status,Open,resolution_date,8068,0,0,8068,0,0,0.0,0.0,"try_cast(""resolution_date"" AS TIMESTAMP) IS NOT NULL"
exploratory_Transactions_or_Fees,status,Open,closing_date,8068,0,0,8068,0,0,0.0,0.0,"try_cast(""closing_date"" AS TIMESTAMP) IS NOT NULL"
exploratory_Transactions_or_Fees,status,Open,compensation_granted,8068,0,0,8068,0,0,0.0,0.0,"(try_cast(""compensation_granted"" AS DOUBLE) IS NOT NULL AND isfinite(try_cast(""compensation_granted"" AS DOUBLE)))"
exploratory_Transactions_or_Fees,status,Open,resolution_satisfaction,8068,0,0,8068,0,0,0.0,0.0,"(try_cast(""resolution_satisfaction"" AS DOUBLE) IS NOT NULL AND isfinite(try_cast(""resolution_satisfaction"" AS DOUBLE)))"
exploratory_Transactions_or_Fees,status,Open,sla_breached,8068,8068,8068,0,0,0,100.0,100.0,"(CASE lower(trim(""sla_breached"")) WHEN 'true' THEN true WHEN 'false' THEN false ELSE NULL END) IS NOT NULL"
exploratory_Transactions_or_Fees,status,Open,resolution_days,8068,0,0,8068,0,0,0.0,0.0,"(try_cast(""resolution_days"" AS DOUBLE) IS NOT NULL AND isfinite(try_cast(""resolution_days"" AS DOUBLE)))"
exploratory_Transactions_or_Fees,status,Open,priority,8068,8068,8068,0,0,0,100.0,100.0,"(""priority"" IS NOT NULL AND trim(""priority"")<>'')"
exploratory_Transactions_or_Fees,status,Rejected,status,258,258,258,0,0,0,100.0,100.0,"(""status"" IS NOT NULL AND trim(""status"")<>'')"
exploratory_Transactions_or_Fees,status,Rejected,resolution,258,0,0,258,0,0,0.0,0.0,"(""resolution"" IS NOT NULL AND trim(""resolution"")<>'')"
exploratory_Transactions_or_Fees,status,Rejected,resolution_date,258,0,0,258,0,0,0.0,0.0,"try_cast(""resolution_date"" AS TIMESTAMP) IS NOT NULL"
exploratory_Transactions_or_Fees,status,Rejected,closing_date,258,0,0,258,0,0,0.0,0.0,"try_cast(""closing_date"" AS TIMESTAMP) IS NOT NULL"
exploratory_Transactions_or_Fees,status,Rejected,compensation_granted,258,0,0,258,0,0,0.0,0.0,"(try_cast(""compensation_granted"" AS DOUBLE) IS NOT NULL AND isfinite(try_cast(""compensation_granted"" AS DOUBLE)))"
exploratory_Transactions_or_Fees,status,Rejected,resolution_satisfaction,258,0,0,258,0,0,0.0,0.0,"(try_cast(""resolution_satisfaction"" AS DOUBLE) IS NOT NULL AND isfinite(try_cast(""resolution_satisfaction"" AS DOUBLE)))"
exploratory_Transactions_or_Fees,status,Rejected,sla_breached,258,258,258,0,0,0,100.0,100.0,"(CASE lower(trim(""sla_breached"")) WHEN 'true' THEN true WHEN 'false' THEN false ELSE NULL END) IS NOT NULL"
exploratory_Transactions_or_Fees,status,Rejected,resolution_days,258,0,0,258,0,0,0.0,0.0,"(try_cast(""resolution_days"" AS DOUBLE) IS NOT NULL AND isfinite(try_cast(""resolution_days"" AS DOUBLE)))"
exploratory_Transactions_or_Fees,status,Rejected,priority,258,258,258,0,0,0,100.0,100.0,"(""priority"" IS NOT NULL AND trim(""priority"")<>'')"
exploratory_Transactions_or_Fees,status,Resolved,status,5518,5518,5518,0,0,0,100.0,100.0,"(""status"" IS NOT NULL AND trim(""status"")<>'')"
exploratory_Transactions_or_Fees,status,Resolved,resolution,5518,5235,5235,283,0,0,94.87133019209858,94.87133019209858,"(""resolution"" IS NOT NULL AND trim(""resolution"")<>'')"
exploratory_Transactions_or_Fees,status,Resolved,resolution_date,5518,5264,5264,254,0,0,95.39688292859732,95.39688292859732,"try_cast(""resolution_date"" AS TIMESTAMP) IS NOT NULL"
exploratory_Transactions_or_Fees,status,Resolved,closing_date,5518,0,0,5518,0,0,0.0,0.0,"try_cast(""closing_date"" AS TIMESTAMP) IS NOT NULL"
exploratory_Transactions_or_Fees,status,Resolved,compensation_granted,5518,1636,1636,3882,0,0,29.648423341790505,29.648423341790505,"(try_cast(""compensation_granted"" AS DOUBLE) IS NOT NULL AND isfinite(try_cast(""compensation_granted"" AS DOUBLE)))"
exploratory_Transactions_or_Fees,status,Resolved,resolution_satisfaction,5518,0,0,5518,0,0,0.0,0.0,"(try_cast(""resolution_satisfaction"" AS DOUBLE) IS NOT NULL AND isfinite(try_cast(""resolution_satisfaction"" AS DOUBLE)))"
exploratory_Transactions_or_Fees,status,Resolved,sla_breached,5518,5518,5518,0,0,0,100.0,100.0,"(CASE lower(trim(""sla_breached"")) WHEN 'true' THEN true WHEN 'false' THEN false ELSE NULL END) IS NOT NULL"
exploratory_Transactions_or_Fees,status,Resolved,resolution_days,5518,5248,5248,270,0,0,95.10692279811526,95.10692279811526,"(try_cast(""resolution_days"" AS DOUBLE) IS NOT NULL AND isfinite(try_cast(""resolution_days"" AS DOUBLE)))"
exploratory_Transactions_or_Fees,status,Resolved,priority,5518,5518,5518,0,0,0,100.0,100.0,"(""priority"" IS NOT NULL AND trim(""priority"")<>'')"
exploratory_Transactions_or_Fees,case_type,Claim,status,6692,6692,6692,0,0,0,100.0,100.0,"(""status"" IS NOT NULL AND trim(""status"")<>'')"
exploratory_Transactions_or_Fees,case_type,Claim,resolution,6692,1546,1546,5146,0,0,23.102211595935444,23.102211595935444,"(""resolution"" IS NOT NULL AND trim(""resolution"")<>'')"
exploratory_Transactions_or_Fees,case_type,Claim,resolution_date,6692,1538,1538,5154,0,0,22.982665869695158,22.982665869695158,"try_cast(""resolution_date"" AS TIMESTAMP) IS NOT NULL"
exploratory_Transactions_or_Fees,case_type,Claim,closing_date,6692,247,247,6445,0,0,3.690974297668858,3.690974297668858,"try_cast(""closing_date"" AS TIMESTAMP) IS NOT NULL"
exploratory_Transactions_or_Fees,case_type,Claim,compensation_granted,6692,477,477,6215,0,0,7.127913927077107,7.127913927077107,"(try_cast(""compensation_granted"" AS DOUBLE) IS NOT NULL AND isfinite(try_cast(""compensation_granted"" AS DOUBLE)))"
exploratory_Transactions_or_Fees,case_type,Claim,resolution_satisfaction,6692,247,247,6445,0,0,3.690974297668858,3.690974297668858,"(try_cast(""resolution_satisfaction"" AS DOUBLE) IS NOT NULL AND isfinite(try_cast(""resolution_satisfaction"" AS DOUBLE)))"
exploratory_Transactions_or_Fees,case_type,Claim,sla_breached,6692,6692,6692,0,0,0,100.0,100.0,"(CASE lower(trim(""sla_breached"")) WHEN 'true' THEN true WHEN 'false' THEN false ELSE NULL END) IS NOT NULL"
exploratory_Transactions_or_Fees,case_type,Claim,resolution_days,6692,1545,1545,5147,0,0,23.08726838015541,23.08726838015541,"(try_cast(""resolution_days"" AS DOUBLE) IS NOT NULL AND isfinite(try_cast(""resolution_days"" AS DOUBLE)))"
exploratory_Transactions_or_Fees,case_type,Claim,priority,6692,6692,6692,0,0,0,100.0,100.0,"(""priority"" IS NOT NULL AND trim(""priority"")<>'')"
exploratory_Transactions_or_Fees,case_type,Complaint,status,16410,16410,16410,0,0,0,100.0,100.0,"(""status"" IS NOT NULL AND trim(""status"")<>'')"
exploratory_Transactions_or_Fees,case_type,Complaint,resolution,16410,3764,3764,12646,0,0,22.937233394271786,22.937233394271786,"(""resolution"" IS NOT NULL AND trim(""resolution"")<>'')"
exploratory_Transactions_or_Fees,case_type,Complaint,resolution_date,16410,3792,3792,12618,0,0,23.107861060329068,23.107861060329068,"try_cast(""resolution_date"" AS TIMESTAMP) IS NOT NULL"
exploratory_Transactions_or_Fees,case_type,Complaint,closing_date,16410,597,597,15813,0,0,3.6380255941499087,3.6380255941499087,"try_cast(""closing_date"" AS TIMESTAMP) IS NOT NULL"
exploratory_Transactions_or_Fees,case_type,Complaint,compensation_granted,16410,1175,1175,15235,0,0,7.160268129189519,7.160268129189519,"(try_cast(""compensation_granted"" AS DOUBLE) IS NOT NULL AND isfinite(try_cast(""compensation_granted"" AS DOUBLE)))"
exploratory_Transactions_or_Fees,case_type,Complaint,resolution_satisfaction,16410,584,584,15826,0,0,3.5588056063375992,3.5588056063375992,"(try_cast(""resolution_satisfaction"" AS DOUBLE) IS NOT NULL AND isfinite(try_cast(""resolution_satisfaction"" AS DOUBLE)))"
exploratory_Transactions_or_Fees,case_type,Complaint,sla_breached,16410,16410,16410,0,0,0,100.0,100.0,"(CASE lower(trim(""sla_breached"")) WHEN 'true' THEN true WHEN 'false' THEN false ELSE NULL END) IS NOT NULL"
exploratory_Transactions_or_Fees,case_type,Complaint,resolution_days,16410,3781,3781,12629,0,0,23.04082876294942,23.04082876294942,"(try_cast(""resolution_days"" AS DOUBLE) IS NOT NULL AND isfinite(try_cast(""resolution_days"" AS DOUBLE)))"
exploratory_Transactions_or_Fees,case_type,Complaint,priority,16410,16410,16410,0,0,0,100.0,100.0,"(""priority"" IS NOT NULL AND trim(""priority"")<>'')"
exploratory_Transactions_or_Fees,case_type,Request,status,2696,2696,2696,0,0,0,100.0,100.0,"(""status"" IS NOT NULL AND trim(""status"")<>'')"
exploratory_Transactions_or_Fees,case_type,Request,resolution,2696,628,628,2068,0,0,23.293768545994066,23.293768545994066,"(""resolution"" IS NOT NULL AND trim(""resolution"")<>'')"
exploratory_Transactions_or_Fees,case_type,Request,resolution_date,2696,625,625,2071,0,0,23.182492581602375,23.182492581602375,"try_cast(""resolution_date"" AS TIMESTAMP) IS NOT NULL"
exploratory_Transactions_or_Fees,case_type,Request,closing_date,2696,111,111,2585,0,0,4.117210682492582,4.117210682492582,"try_cast(""closing_date"" AS TIMESTAMP) IS NOT NULL"
exploratory_Transactions_or_Fees,case_type,Request,compensation_granted,2696,195,195,2501,0,0,7.232937685459941,7.232937685459941,"(try_cast(""compensation_granted"" AS DOUBLE) IS NOT NULL AND isfinite(try_cast(""compensation_granted"" AS DOUBLE)))"
exploratory_Transactions_or_Fees,case_type,Request,resolution_satisfaction,2696,112,112,2584,0,0,4.154302670623146,4.154302670623146,"(try_cast(""resolution_satisfaction"" AS DOUBLE) IS NOT NULL AND isfinite(try_cast(""resolution_satisfaction"" AS DOUBLE)))"
exploratory_Transactions_or_Fees,case_type,Request,sla_breached,2696,2696,2696,0,0,0,100.0,100.0,"(CASE lower(trim(""sla_breached"")) WHEN 'true' THEN true WHEN 'false' THEN false ELSE NULL END) IS NOT NULL"
exploratory_Transactions_or_Fees,case_type,Request,resolution_days,2696,638,638,2058,0,0,23.664688427299705,23.664688427299705,"(try_cast(""resolution_days"" AS DOUBLE) IS NOT NULL AND isfinite(try_cast(""resolution_days"" AS DOUBLE)))"
exploratory_Transactions_or_Fees,case_type,Request,priority,2696,2696,2696,0,0,0,100.0,100.0,"(""priority"" IS NOT NULL AND trim(""priority"")<>'')"
exploratory_Transactions_or_Fees,case_type,Suggestion,status,1335,1335,1335,0,0,0,100.0,100.0,"(""status"" IS NOT NULL AND trim(""status"")<>'')"
exploratory_Transactions_or_Fees,case_type,Suggestion,resolution,1335,285,285,1050,0,0,21.348314606741575,21.348314606741575,"(""resolution"" IS NOT NULL AND trim(""resolution"")<>'')"
exploratory_Transactions_or_Fees,case_type,Suggestion,resolution_date,1335,282,282,1053,0,0,21.123595505617978,21.123595505617978,"try_cast(""resolution_date"" AS TIMESTAMP) IS NOT NULL"
exploratory_Transactions_or_Fees,case_type,Suggestion,closing_date,1335,37,37,1298,0,0,2.7715355805243447,2.7715355805243447,"try_cast(""closing_date"" AS TIMESTAMP) IS NOT NULL"
exploratory_Transactions_or_Fees,case_type,Suggestion,compensation_granted,1335,93,93,1242,0,0,6.966292134831461,6.966292134831461,"(try_cast(""compensation_granted"" AS DOUBLE) IS NOT NULL AND isfinite(try_cast(""compensation_granted"" AS DOUBLE)))"
exploratory_Transactions_or_Fees,case_type,Suggestion,resolution_satisfaction,1335,39,39,1296,0,0,2.9213483146067416,2.9213483146067416,"(try_cast(""resolution_satisfaction"" AS DOUBLE) IS NOT NULL AND isfinite(try_cast(""resolution_satisfaction"" AS DOUBLE)))"
exploratory_Transactions_or_Fees,case_type,Suggestion,sla_breached,1335,1335,1335,0,0,0,100.0,100.0,"(CASE lower(trim(""sla_breached"")) WHEN 'true' THEN true WHEN 'false' THEN false ELSE NULL END) IS NOT NULL"
exploratory_Transactions_or_Fees,case_type,Suggestion,resolution_days,1335,278,278,1057,0,0,20.823970037453183,20.823970037453183,"(try_cast(""resolution_days"" AS DOUBLE) IS NOT NULL AND isfinite(try_cast(""resolution_days"" AS DOUBLE)))"
exploratory_Transactions_or_Fees,case_type,Suggestion,priority,1335,1335,1335,0,0,0,100.0,100.0,"(""priority"" IS NOT NULL AND trim(""priority"")<>'')"
exploratory_Transactions_or_Fees,category,Fees,status,13553,13553,13553,0,0,0,100.0,100.0,"(""status"" IS NOT NULL AND trim(""status"")<>'')"
exploratory_Transactions_or_Fees,category,Fees,resolution,13553,3057,3057,10496,0,0,22.555891684497897,22.555891684497897,"(""resolution"" IS NOT NULL AND trim(""resolution"")<>'')"
exploratory_Transactions_or_Fees,category,Fees,resolution_date,13553,3068,3068,10485,0,0,22.63705452667306,22.63705452667306,"try_cast(""resolution_date"" AS TIMESTAMP) IS NOT NULL"
exploratory_Transactions_or_Fees,category,Fees,closing_date,13553,469,469,13084,0,0,3.4604884527410906,3.4604884527410906,"try_cast(""closing_date"" AS TIMESTAMP) IS NOT NULL"
exploratory_Transactions_or_Fees,category,Fees,compensation_granted,13553,945,945,12608,0,0,6.972625986866376,6.972625986866376,"(try_cast(""compensation_granted"" AS DOUBLE) IS NOT NULL AND isfinite(try_cast(""compensation_granted"" AS DOUBLE)))"
exploratory_Transactions_or_Fees,category,Fees,resolution_satisfaction,13553,463,463,13090,0,0,3.4162178115546373,3.4162178115546373,"(try_cast(""resolution_satisfaction"" AS DOUBLE) IS NOT NULL AND isfinite(try_cast(""resolution_satisfaction"" AS DOUBLE)))"
exploratory_Transactions_or_Fees,category,Fees,sla_breached,13553,13553,13553,0,0,0,100.0,100.0,"(CASE lower(trim(""sla_breached"")) WHEN 'true' THEN true WHEN 'false' THEN false ELSE NULL END) IS NOT NULL"
exploratory_Transactions_or_Fees,category,Fees,resolution_days,13553,3077,3077,10476,0,0,22.70346048845274,22.70346048845274,"(try_cast(""resolution_days"" AS DOUBLE) IS NOT NULL AND isfinite(try_cast(""resolution_days"" AS DOUBLE)))"
exploratory_Transactions_or_Fees,category,Fees,priority,13553,13553,13553,0,0,0,100.0,100.0,"(""priority"" IS NOT NULL AND trim(""priority"")<>'')"
exploratory_Transactions_or_Fees,category,Transactions,status,13580,13580,13580,0,0,0,100.0,100.0,"(""status"" IS NOT NULL AND trim(""status"")<>'')"
exploratory_Transactions_or_Fees,category,Transactions,resolution,13580,3166,3166,10414,0,0,23.313696612665684,23.313696612665684,"(""resolution"" IS NOT NULL AND trim(""resolution"")<>'')"
exploratory_Transactions_or_Fees,category,Transactions,resolution_date,13580,3169,3169,10411,0,0,23.335787923416788,23.335787923416788,"try_cast(""resolution_date"" AS TIMESTAMP) IS NOT NULL"
exploratory_Transactions_or_Fees,category,Transactions,closing_date,13580,523,523,13057,0,0,3.8512518409425627,3.8512518409425627,"try_cast(""closing_date"" AS TIMESTAMP) IS NOT NULL"
exploratory_Transactions_or_Fees,category,Transactions,compensation_granted,13580,995,995,12585,0,0,7.326951399116347,7.326951399116347,"(try_cast(""compensation_granted"" AS DOUBLE) IS NOT NULL AND isfinite(try_cast(""compensation_granted"" AS DOUBLE)))"
exploratory_Transactions_or_Fees,category,Transactions,resolution_satisfaction,13580,519,519,13061,0,0,3.82179675994109,3.82179675994109,"(try_cast(""resolution_satisfaction"" AS DOUBLE) IS NOT NULL AND isfinite(try_cast(""resolution_satisfaction"" AS DOUBLE)))"
exploratory_Transactions_or_Fees,category,Transactions,sla_breached,13580,13580,13580,0,0,0,100.0,100.0,"(CASE lower(trim(""sla_breached"")) WHEN 'true' THEN true WHEN 'false' THEN false ELSE NULL END) IS NOT NULL"
exploratory_Transactions_or_Fees,category,Transactions,resolution_days,13580,3165,3165,10415,0,0,23.306332842415316,23.306332842415316,"(try_cast(""resolution_days"" AS DOUBLE) IS NOT NULL AND isfinite(try_cast(""resolution_days"" AS DOUBLE)))"
exploratory_Transactions_or_Fees,category,Transactions,priority,13580,13580,13580,0,0,0,100.0,100.0,"(""priority"" IS NOT NULL AND trim(""priority"")<>'')"
exploratory_Transactions_or_Fees,subcategory,Cargo no reconocido,status,12297,12297,12297,0,0,0,100.0,100.0,"(""status"" IS NOT NULL AND trim(""status"")<>'')"
exploratory_Transactions_or_Fees,subcategory,Cargo no reconocido,resolution,12297,2858,2858,9439,0,0,23.241441001870374,23.241441001870374,"(""resolution"" IS NOT NULL AND trim(""resolution"")<>'')"
exploratory_Transactions_or_Fees,subcategory,Cargo no reconocido,resolution_date,12297,2869,2869,9428,0,0,23.330893713913962,23.330893713913962,"try_cast(""resolution_date"" AS TIMESTAMP) IS NOT NULL"
exploratory_Transactions_or_Fees,subcategory,Cargo no reconocido,closing_date,12297,475,475,11822,0,0,3.862730747336749,3.862730747336749,"try_cast(""closing_date"" AS TIMESTAMP) IS NOT NULL"
exploratory_Transactions_or_Fees,subcategory,Cargo no reconocido,compensation_granted,12297,909,909,11388,0,0,7.392046840692852,7.392046840692852,"(try_cast(""compensation_granted"" AS DOUBLE) IS NOT NULL AND isfinite(try_cast(""compensation_granted"" AS DOUBLE)))"
exploratory_Transactions_or_Fees,subcategory,Cargo no reconocido,resolution_satisfaction,12297,471,471,11826,0,0,3.8302024884118078,3.8302024884118078,"(try_cast(""resolution_satisfaction"" AS DOUBLE) IS NOT NULL AND isfinite(try_cast(""resolution_satisfaction"" AS DOUBLE)))"
exploratory_Transactions_or_Fees,subcategory,Cargo no reconocido,sla_breached,12297,12297,12297,0,0,0,100.0,100.0,"(CASE lower(trim(""sla_breached"")) WHEN 'true' THEN true WHEN 'false' THEN false ELSE NULL END) IS NOT NULL"
exploratory_Transactions_or_Fees,subcategory,Cargo no reconocido,resolution_days,12297,2862,2862,9435,0,0,23.273969260795315,23.273969260795315,"(try_cast(""resolution_days"" AS DOUBLE) IS NOT NULL AND isfinite(try_cast(""resolution_days"" AS DOUBLE)))"
exploratory_Transactions_or_Fees,subcategory,Cargo no reconocido,priority,12297,12297,12297,0,0,0,100.0,100.0,"(""priority"" IS NOT NULL AND trim(""priority"")<>'')"
exploratory_Transactions_or_Fees,subcategory,Cobro indebido,status,12194,12194,12194,0,0,0,100.0,100.0,"(""status"" IS NOT NULL AND trim(""status"")<>'')"
exploratory_Transactions_or_Fees,subcategory,Cobro indebido,resolution,12194,2737,2737,9457,0,0,22.445464982778415,22.445464982778415,"(""resolution"" IS NOT NULL AND trim(""resolution"")<>'')"
exploratory_Transactions_or_Fees,subcategory,Cobro indebido,resolution_date,12194,2746,2746,9448,0,0,22.519271773003116,22.519271773003116,"try_cast(""resolution_date"" AS TIMESTAMP) IS NOT NULL"
exploratory_Transactions_or_Fees,subcategory,Cobro indebido,closing_date,12194,421,421,11773,0,0,3.452517631622109,3.452517631622109,"try_cast(""closing_date"" AS TIMESTAMP) IS NOT NULL"
exploratory_Transactions_or_Fees,subcategory,Cobro indebido,compensation_granted,12194,842,842,11352,0,0,6.905035263244218,6.905035263244218,"(try_cast(""compensation_granted"" AS DOUBLE) IS NOT NULL AND isfinite(try_cast(""compensation_granted"" AS DOUBLE)))"
exploratory_Transactions_or_Fees,subcategory,Cobro indebido,resolution_satisfaction,12194,415,415,11779,0,0,3.403313104805642,3.403313104805642,"(try_cast(""resolution_satisfaction"" AS DOUBLE) IS NOT NULL AND isfinite(try_cast(""resolution_satisfaction"" AS DOUBLE)))"
exploratory_Transactions_or_Fees,subcategory,Cobro indebido,sla_breached,12194,12194,12194,0,0,0,100.0,100.0,"(CASE lower(trim(""sla_breached"")) WHEN 'true' THEN true WHEN 'false' THEN false ELSE NULL END) IS NOT NULL"
exploratory_Transactions_or_Fees,subcategory,Cobro indebido,resolution_days,12194,2761,2761,9433,0,0,22.642283090044284,22.642283090044284,"(try_cast(""resolution_days"" AS DOUBLE) IS NOT NULL AND isfinite(try_cast(""resolution_days"" AS DOUBLE)))"
exploratory_Transactions_or_Fees,subcategory,Cobro indebido,priority,12194,12194,12194,0,0,0,100.0,100.0,"(""priority"" IS NOT NULL AND trim(""priority"")<>'')"
exploratory_Transactions_or_Fees,subcategory,,status,2642,2642,2642,0,0,0,100.0,100.0,"(""status"" IS NOT NULL AND trim(""status"")<>'')"
exploratory_Transactions_or_Fees,subcategory,,resolution,2642,628,628,2014,0,0,23.76987130961393,23.76987130961393,"(""resolution"" IS NOT NULL AND trim(""resolution"")<>'')"
exploratory_Transactions_or_Fees,subcategory,,resolution_date,2642,622,622,2020,0,0,23.542770628311885,23.542770628311885,"try_cast(""resolution_date"" AS TIMESTAMP) IS NOT NULL"
exploratory_Transactions_or_Fees,subcategory,,closing_date,2642,96,96,2546,0,0,3.6336109008327027,3.6336109008327027,"try_cast(""closing_date"" AS TIMESTAMP) IS NOT NULL"
exploratory_Transactions_or_Fees,subcategory,,compensation_granted,2642,189,189,2453,0,0,7.153671461014383,7.153671461014383,"(try_cast(""compensation_granted"" AS DOUBLE) IS NOT NULL AND isfinite(try_cast(""compensation_granted"" AS DOUBLE)))"
exploratory_Transactions_or_Fees,subcategory,,resolution_satisfaction,2642,96,96,2546,0,0,3.6336109008327027,3.6336109008327027,"(try_cast(""resolution_satisfaction"" AS DOUBLE) IS NOT NULL AND isfinite(try_cast(""resolution_satisfaction"" AS DOUBLE)))"
exploratory_Transactions_or_Fees,subcategory,,sla_breached,2642,2642,2642,0,0,0,100.0,100.0,"(CASE lower(trim(""sla_breached"")) WHEN 'true' THEN true WHEN 'false' THEN false ELSE NULL END) IS NOT NULL"
exploratory_Transactions_or_Fees,subcategory,,resolution_days,2642,619,619,2023,0,0,23.42922028766086,23.42922028766086,"(try_cast(""resolution_days"" AS DOUBLE) IS NOT NULL AND isfinite(try_cast(""resolution_days"" AS DOUBLE)))"
exploratory_Transactions_or_Fees,subcategory,,priority,2642,2642,2642,0,0,0,100.0,100.0,"(""priority"" IS NOT NULL AND trim(""priority"")<>'')"
