transaction_status,response_code,records,pct_within_status,pct_within_dimension
Approved,00,3867312,95.00405460413135,100.0
Approved,,203369,4.995945395868652,92.00843312989463
Declined,51,52788,23.860708571015305,62.70922676677081
Declined,14,52711,23.825903794172685,62.40055876503457
Declined,54,52527,23.74273393782149,62.62832206602997
Declined,05,52246,23.615719102850374,62.09339085582534
Declined,,10962,4.954934594140141,4.95944044554433
Pending,05,21191,23.987186307913472,25.18510595310253
Pending,14,21096,23.879650906127253,24.973955867032863
Pending,51,20911,23.670239860543564,24.84111239145155
Pending,54,20753,23.491391508099113,24.743952021556915
Pending,,4392,4.971531417316595,1.987033610365873
Reversed,05,10704,23.9195530726257,12.721503191072129
Reversed,14,10665,23.83240223463687,12.62548536793257
Reversed,54,10591,23.66703910614525,12.62772591241311
Reversed,51,10480,23.41899441340782,12.449660841777641
Reversed,,2310,5.162011173184357,1.0450928141951654
