transaction_status,transaction_type,records,pct_within_status,pct_within_dimension
Approved,Purchase,996168,24.471777572352146,91.94780165515051
Approved,Withdrawal,887765,21.808758780164794,92.02755752467417
Approved,Transfer,824676,20.258919822015038,91.99476148936122
Approved,Payment,679954,16.703691593617872,92.01449597003372
Approved,Deposit,560724,13.774697648870054,92.01111240562578
Approved,Adjustment,121394,2.982154582980096,91.88301366959838
Declined,Purchase,54565,24.663930498928735,5.036431402447467
Declined,Withdrawal,47911,21.656255367619806,4.966553433132264
Declined,Transfer,44979,20.330961787067086,5.017524915275792
Declined,Payment,36851,16.657023784770875,4.986846449894718
Declined,Deposit,30240,13.668785087283148,4.96218467400383
Declined,Adjustment,6688,3.023043474330347,5.062141419034499
Pending,Purchase,21595,24.444494753404346,1.9932509142463675
Pending,Withdrawal,19247,21.786672401888094,1.9951838602303578
Pending,Transfer,17841,20.195148455452046,1.9902101428096532
Pending,Payment,14684,16.621577261356304,1.9871062731066738
Pending,Deposit,12268,13.886782201193077,2.013097935869014
Pending,Adjustment,2708,3.065324926706134,2.0496828592621745
Reversed,Purchase,11078,24.755307262569833,1.0225160281556498
Reversed,Withdrawal,9750,21.787709497206706,1.0107051819632145
Reversed,Transfer,8942,19.982122905027932,0.9975034525533277
Reversed,Payment,7475,16.70391061452514,1.011551306964886
Reversed,Deposit,6177,13.803351955307262,1.0136049845013775
Reversed,Adjustment,1328,2.9675977653631285,1.0051620521049365
