transaction_status,channel,records,pct_within_status,pct_within_dimension
Approved,POS,1423963,34.98095281845961,91.97770774486632
Approved,ATM,1222086,30.021659766510812,92.00140928411078
Approved,App,610492,14.997294064555783,92.02277913942123
Approved,Web,610244,14.991201717845245,91.98109865927093
Approved,Branch,121978,2.996501076846847,92.06234197516888
Approved,Transfer,81918,2.0123905557816983,91.8785540438991
Declined,POS,77430,34.99914118083116,5.001417811196639
Declined,ATM,66304,29.970076932117124,4.991515688072427
Declined,Web,33288,15.046511838144227,5.017446811717625
Declined,App,32937,14.887856296952547,4.96477312809196
Declined,Branch,6709,3.032535686196516,5.063587305181327
Declined,Transfer,4566,2.063878065758428,5.121187989995401
Pending,POS,30983,35.07125635307834,2.001277644896106
Pending,ATM,26497,29.993321485573276,1.9947543313654548
Pending,App,13275,15.026657460127005,2.0010129421447242
Pending,Web,13235,14.981379396217017,1.9948903074105615
Pending,Branch,2556,2.8932682838481827,1.9291294011094757
Pending,Transfer,1797,2.034117021156175,2.015500398165076
Reversed,POS,15785,35.273743016759774,1.0195967990409267
Reversed,ATM,13447,30.049162011173184,1.0123206964513443
Reversed,App,6710,14.994413407821229,1.011434790342079
Reversed,Web,6678,14.922905027932961,1.0065642216008863
Reversed,Branch,1252,2.7977653631284918,0.9449413185403223
Reversed,Transfer,878,1.9620111731843575,0.984757567940421
